ISO-10303-21;
HEADER;
/* Generated by software containing ST-Developer
 * from STEP Tools, Inc. (www.steptools.com) 
 */
/* OPTION: strings as raw bytes, not using required /X/ escapes */

FILE_DESCRIPTION(
/* description */ ('Unknown'),
/* implementation_level */ '2;1');

FILE_NAME(
/* name */ '61301021121',
/* time_stamp */ '2021-04-08T10:15:46+02:00',
/* author */ ('Unknown'),
/* organization */ ('Unknown'),
/* preprocessor_version */ 'ST-DEVELOPER v16.7',
/* originating_system */ 'Solid Edge',
/* authorisation */ 'Unknown');

FILE_SCHEMA (('AUTOMOTIVE_DESIGN {1 0 10303 214 3 1 1}'));
ENDSEC;

DATA;
#10=PROPERTY_DEFINITION_REPRESENTATION(#14,#12);
#11=PROPERTY_DEFINITION_REPRESENTATION(#15,#13);
#12=REPRESENTATION('',(#16),#3573);
#13=REPRESENTATION('',(#17),#3573);
#14=PROPERTY_DEFINITION('pmi validation property','',#3582);
#15=PROPERTY_DEFINITION('pmi validation property','',#3582);
#16=VALUE_REPRESENTATION_ITEM('number of annotations',COUNT_MEASURE(0.));
#17=VALUE_REPRESENTATION_ITEM('number of views',COUNT_MEASURE(0.));
#18=CONTEXT_DEPENDENT_SHAPE_REPRESENTATION(#40,#3584);
#19=CONTEXT_DEPENDENT_SHAPE_REPRESENTATION(#41,#3586);
#20=CONTEXT_DEPENDENT_SHAPE_REPRESENTATION(#42,#3587);
#21=CONTEXT_DEPENDENT_SHAPE_REPRESENTATION(#43,#3588);
#22=CONTEXT_DEPENDENT_SHAPE_REPRESENTATION(#44,#3589);
#23=CONTEXT_DEPENDENT_SHAPE_REPRESENTATION(#45,#3590);
#24=CONTEXT_DEPENDENT_SHAPE_REPRESENTATION(#46,#3591);
#25=CONTEXT_DEPENDENT_SHAPE_REPRESENTATION(#47,#3592);
#26=CONTEXT_DEPENDENT_SHAPE_REPRESENTATION(#48,#3593);
#27=CONTEXT_DEPENDENT_SHAPE_REPRESENTATION(#49,#3594);
#28=CONTEXT_DEPENDENT_SHAPE_REPRESENTATION(#50,#3595);
#29=NEXT_ASSEMBLY_USAGE_OCCURRENCE('61301021121','61301021121',
'61301021121',#3596,#3597,'');
#30=NEXT_ASSEMBLY_USAGE_OCCURRENCE('6130xx21121_PIN','6130xx21121_PIN',
'6130xx21121_PIN',#3596,#3598,'');
#31=NEXT_ASSEMBLY_USAGE_OCCURRENCE('6130xx21121_PIN','6130xx21121_PIN',
'6130xx21121_PIN',#3596,#3598,'');
#32=NEXT_ASSEMBLY_USAGE_OCCURRENCE('6130xx21121_PIN','6130xx21121_PIN',
'6130xx21121_PIN',#3596,#3598,'');
#33=NEXT_ASSEMBLY_USAGE_OCCURRENCE('6130xx21121_PIN','6130xx21121_PIN',
'6130xx21121_PIN',#3596,#3598,'');
#34=NEXT_ASSEMBLY_USAGE_OCCURRENCE('6130xx21121_PIN','6130xx21121_PIN',
'6130xx21121_PIN',#3596,#3598,'');
#35=NEXT_ASSEMBLY_USAGE_OCCURRENCE('6130xx21121_PIN','6130xx21121_PIN',
'6130xx21121_PIN',#3596,#3598,'');
#36=NEXT_ASSEMBLY_USAGE_OCCURRENCE('6130xx21121_PIN','6130xx21121_PIN',
'6130xx21121_PIN',#3596,#3598,'');
#37=NEXT_ASSEMBLY_USAGE_OCCURRENCE('6130xx21121_PIN','6130xx21121_PIN',
'6130xx21121_PIN',#3596,#3598,'');
#38=NEXT_ASSEMBLY_USAGE_OCCURRENCE('6130xx21121_PIN','6130xx21121_PIN',
'6130xx21121_PIN',#3596,#3598,'');
#39=NEXT_ASSEMBLY_USAGE_OCCURRENCE('6130xx21121_PIN','6130xx21121_PIN',
'6130xx21121_PIN',#3596,#3598,'');
#40=(
REPRESENTATION_RELATIONSHIP(' ',' ',#2281,#2282)
REPRESENTATION_RELATIONSHIP_WITH_TRANSFORMATION(#51)
SHAPE_REPRESENTATION_RELATIONSHIP()
);
#41=(
REPRESENTATION_RELATIONSHIP(' ',' ',#2283,#2282)
REPRESENTATION_RELATIONSHIP_WITH_TRANSFORMATION(#52)
SHAPE_REPRESENTATION_RELATIONSHIP()
);
#42=(
REPRESENTATION_RELATIONSHIP(' ',' ',#2283,#2282)
REPRESENTATION_RELATIONSHIP_WITH_TRANSFORMATION(#53)
SHAPE_REPRESENTATION_RELATIONSHIP()
);
#43=(
REPRESENTATION_RELATIONSHIP(' ',' ',#2283,#2282)
REPRESENTATION_RELATIONSHIP_WITH_TRANSFORMATION(#54)
SHAPE_REPRESENTATION_RELATIONSHIP()
);
#44=(
REPRESENTATION_RELATIONSHIP(' ',' ',#2283,#2282)
REPRESENTATION_RELATIONSHIP_WITH_TRANSFORMATION(#55)
SHAPE_REPRESENTATION_RELATIONSHIP()
);
#45=(
REPRESENTATION_RELATIONSHIP(' ',' ',#2283,#2282)
REPRESENTATION_RELATIONSHIP_WITH_TRANSFORMATION(#56)
SHAPE_REPRESENTATION_RELATIONSHIP()
);
#46=(
REPRESENTATION_RELATIONSHIP(' ',' ',#2283,#2282)
REPRESENTATION_RELATIONSHIP_WITH_TRANSFORMATION(#57)
SHAPE_REPRESENTATION_RELATIONSHIP()
);
#47=(
REPRESENTATION_RELATIONSHIP(' ',' ',#2283,#2282)
REPRESENTATION_RELATIONSHIP_WITH_TRANSFORMATION(#58)
SHAPE_REPRESENTATION_RELATIONSHIP()
);
#48=(
REPRESENTATION_RELATIONSHIP(' ',' ',#2283,#2282)
REPRESENTATION_RELATIONSHIP_WITH_TRANSFORMATION(#59)
SHAPE_REPRESENTATION_RELATIONSHIP()
);
#49=(
REPRESENTATION_RELATIONSHIP(' ',' ',#2283,#2282)
REPRESENTATION_RELATIONSHIP_WITH_TRANSFORMATION(#60)
SHAPE_REPRESENTATION_RELATIONSHIP()
);
#50=(
REPRESENTATION_RELATIONSHIP(' ',' ',#2283,#2282)
REPRESENTATION_RELATIONSHIP_WITH_TRANSFORMATION(#61)
SHAPE_REPRESENTATION_RELATIONSHIP()
);
#51=ITEM_DEFINED_TRANSFORMATION(' ',' ',#2284,#2379);
#52=ITEM_DEFINED_TRANSFORMATION(' ',' ',#2284,#2394);
#53=ITEM_DEFINED_TRANSFORMATION(' ',' ',#2284,#2395);
#54=ITEM_DEFINED_TRANSFORMATION(' ',' ',#2284,#2396);
#55=ITEM_DEFINED_TRANSFORMATION(' ',' ',#2284,#2397);
#56=ITEM_DEFINED_TRANSFORMATION(' ',' ',#2284,#2398);
#57=ITEM_DEFINED_TRANSFORMATION(' ',' ',#2284,#2399);
#58=ITEM_DEFINED_TRANSFORMATION(' ',' ',#2284,#2400);
#59=ITEM_DEFINED_TRANSFORMATION(' ',' ',#2284,#2401);
#60=ITEM_DEFINED_TRANSFORMATION(' ',' ',#2284,#2402);
#61=ITEM_DEFINED_TRANSFORMATION(' ',' ',#2284,#2403);
#62=SHAPE_REPRESENTATION_RELATIONSHIP('','',#2281,#64);
#63=SHAPE_REPRESENTATION_RELATIONSHIP('','',#2283,#65);
#64=ADVANCED_BREP_SHAPE_REPRESENTATION('',(#2276),#3574);
#65=ADVANCED_BREP_SHAPE_REPRESENTATION('',(#2277),#3575);
#66=ORIENTED_EDGE('',*,*,#674,.T.);
#67=ORIENTED_EDGE('',*,*,#675,.T.);
#68=ORIENTED_EDGE('',*,*,#676,.T.);
#69=ORIENTED_EDGE('',*,*,#677,.T.);
#70=ORIENTED_EDGE('',*,*,#678,.T.);
#71=ORIENTED_EDGE('',*,*,#679,.T.);
#72=ORIENTED_EDGE('',*,*,#680,.T.);
#73=ORIENTED_EDGE('',*,*,#681,.T.);
#74=ORIENTED_EDGE('',*,*,#682,.T.);
#75=ORIENTED_EDGE('',*,*,#683,.T.);
#76=ORIENTED_EDGE('',*,*,#684,.T.);
#77=ORIENTED_EDGE('',*,*,#685,.T.);
#78=ORIENTED_EDGE('',*,*,#686,.T.);
#79=ORIENTED_EDGE('',*,*,#687,.T.);
#80=ORIENTED_EDGE('',*,*,#688,.T.);
#81=ORIENTED_EDGE('',*,*,#689,.T.);
#82=ORIENTED_EDGE('',*,*,#690,.T.);
#83=ORIENTED_EDGE('',*,*,#691,.T.);
#84=ORIENTED_EDGE('',*,*,#692,.T.);
#85=ORIENTED_EDGE('',*,*,#693,.T.);
#86=ORIENTED_EDGE('',*,*,#694,.F.);
#87=ORIENTED_EDGE('',*,*,#695,.T.);
#88=ORIENTED_EDGE('',*,*,#696,.T.);
#89=ORIENTED_EDGE('',*,*,#697,.F.);
#90=ORIENTED_EDGE('',*,*,#698,.T.);
#91=ORIENTED_EDGE('',*,*,#699,.F.);
#92=ORIENTED_EDGE('',*,*,#700,.F.);
#93=ORIENTED_EDGE('',*,*,#701,.T.);
#94=ORIENTED_EDGE('',*,*,#702,.F.);
#95=ORIENTED_EDGE('',*,*,#703,.F.);
#96=ORIENTED_EDGE('',*,*,#704,.T.);
#97=ORIENTED_EDGE('',*,*,#705,.F.);
#98=ORIENTED_EDGE('',*,*,#706,.F.);
#99=ORIENTED_EDGE('',*,*,#707,.T.);
#100=ORIENTED_EDGE('',*,*,#708,.F.);
#101=ORIENTED_EDGE('',*,*,#709,.F.);
#102=ORIENTED_EDGE('',*,*,#710,.T.);
#103=ORIENTED_EDGE('',*,*,#711,.F.);
#104=ORIENTED_EDGE('',*,*,#712,.F.);
#105=ORIENTED_EDGE('',*,*,#713,.T.);
#106=ORIENTED_EDGE('',*,*,#714,.F.);
#107=ORIENTED_EDGE('',*,*,#715,.T.);
#108=ORIENTED_EDGE('',*,*,#716,.T.);
#109=ORIENTED_EDGE('',*,*,#717,.F.);
#110=ORIENTED_EDGE('',*,*,#718,.T.);
#111=ORIENTED_EDGE('',*,*,#719,.T.);
#112=ORIENTED_EDGE('',*,*,#720,.F.);
#113=ORIENTED_EDGE('',*,*,#721,.T.);
#114=ORIENTED_EDGE('',*,*,#722,.T.);
#115=ORIENTED_EDGE('',*,*,#723,.F.);
#116=ORIENTED_EDGE('',*,*,#724,.T.);
#117=ORIENTED_EDGE('',*,*,#725,.T.);
#118=ORIENTED_EDGE('',*,*,#726,.T.);
#119=ORIENTED_EDGE('',*,*,#727,.T.);
#120=ORIENTED_EDGE('',*,*,#728,.T.);
#121=ORIENTED_EDGE('',*,*,#729,.T.);
#122=ORIENTED_EDGE('',*,*,#730,.T.);
#123=ORIENTED_EDGE('',*,*,#731,.T.);
#124=ORIENTED_EDGE('',*,*,#732,.T.);
#125=ORIENTED_EDGE('',*,*,#733,.T.);
#126=ORIENTED_EDGE('',*,*,#734,.T.);
#127=ORIENTED_EDGE('',*,*,#735,.T.);
#128=ORIENTED_EDGE('',*,*,#736,.T.);
#129=ORIENTED_EDGE('',*,*,#737,.T.);
#130=ORIENTED_EDGE('',*,*,#738,.T.);
#131=ORIENTED_EDGE('',*,*,#739,.T.);
#132=ORIENTED_EDGE('',*,*,#740,.T.);
#133=ORIENTED_EDGE('',*,*,#741,.T.);
#134=ORIENTED_EDGE('',*,*,#742,.T.);
#135=ORIENTED_EDGE('',*,*,#743,.T.);
#136=ORIENTED_EDGE('',*,*,#744,.T.);
#137=ORIENTED_EDGE('',*,*,#745,.T.);
#138=ORIENTED_EDGE('',*,*,#746,.T.);
#139=ORIENTED_EDGE('',*,*,#747,.T.);
#140=ORIENTED_EDGE('',*,*,#748,.T.);
#141=ORIENTED_EDGE('',*,*,#749,.T.);
#142=ORIENTED_EDGE('',*,*,#750,.T.);
#143=ORIENTED_EDGE('',*,*,#751,.T.);
#144=ORIENTED_EDGE('',*,*,#752,.T.);
#145=ORIENTED_EDGE('',*,*,#753,.T.);
#146=ORIENTED_EDGE('',*,*,#754,.T.);
#147=ORIENTED_EDGE('',*,*,#755,.T.);
#148=ORIENTED_EDGE('',*,*,#756,.T.);
#149=ORIENTED_EDGE('',*,*,#757,.T.);
#150=ORIENTED_EDGE('',*,*,#758,.T.);
#151=ORIENTED_EDGE('',*,*,#759,.T.);
#152=ORIENTED_EDGE('',*,*,#760,.T.);
#153=ORIENTED_EDGE('',*,*,#761,.T.);
#154=ORIENTED_EDGE('',*,*,#762,.T.);
#155=ORIENTED_EDGE('',*,*,#763,.T.);
#156=ORIENTED_EDGE('',*,*,#764,.T.);
#157=ORIENTED_EDGE('',*,*,#765,.T.);
#158=ORIENTED_EDGE('',*,*,#766,.F.);
#159=ORIENTED_EDGE('',*,*,#767,.F.);
#160=ORIENTED_EDGE('',*,*,#768,.F.);
#161=ORIENTED_EDGE('',*,*,#769,.F.);
#162=ORIENTED_EDGE('',*,*,#770,.T.);
#163=ORIENTED_EDGE('',*,*,#771,.F.);
#164=ORIENTED_EDGE('',*,*,#772,.F.);
#165=ORIENTED_EDGE('',*,*,#773,.T.);
#166=ORIENTED_EDGE('',*,*,#774,.F.);
#167=ORIENTED_EDGE('',*,*,#775,.F.);
#168=ORIENTED_EDGE('',*,*,#776,.T.);
#169=ORIENTED_EDGE('',*,*,#777,.F.);
#170=ORIENTED_EDGE('',*,*,#778,.F.);
#171=ORIENTED_EDGE('',*,*,#779,.T.);
#172=ORIENTED_EDGE('',*,*,#780,.F.);
#173=ORIENTED_EDGE('',*,*,#781,.F.);
#174=ORIENTED_EDGE('',*,*,#782,.T.);
#175=ORIENTED_EDGE('',*,*,#783,.F.);
#176=ORIENTED_EDGE('',*,*,#784,.F.);
#177=ORIENTED_EDGE('',*,*,#785,.F.);
#178=ORIENTED_EDGE('',*,*,#786,.F.);
#179=ORIENTED_EDGE('',*,*,#787,.F.);
#180=ORIENTED_EDGE('',*,*,#788,.F.);
#181=ORIENTED_EDGE('',*,*,#789,.F.);
#182=ORIENTED_EDGE('',*,*,#790,.F.);
#183=ORIENTED_EDGE('',*,*,#791,.F.);
#184=ORIENTED_EDGE('',*,*,#792,.F.);
#185=ORIENTED_EDGE('',*,*,#793,.F.);
#186=ORIENTED_EDGE('',*,*,#794,.F.);
#187=ORIENTED_EDGE('',*,*,#795,.F.);
#188=ORIENTED_EDGE('',*,*,#796,.F.);
#189=ORIENTED_EDGE('',*,*,#797,.F.);
#190=ORIENTED_EDGE('',*,*,#798,.T.);
#191=ORIENTED_EDGE('',*,*,#799,.T.);
#192=ORIENTED_EDGE('',*,*,#800,.T.);
#193=ORIENTED_EDGE('',*,*,#801,.T.);
#194=ORIENTED_EDGE('',*,*,#802,.T.);
#195=ORIENTED_EDGE('',*,*,#803,.T.);
#196=ORIENTED_EDGE('',*,*,#804,.T.);
#197=ORIENTED_EDGE('',*,*,#805,.T.);
#198=ORIENTED_EDGE('',*,*,#806,.T.);
#199=ORIENTED_EDGE('',*,*,#807,.T.);
#200=ORIENTED_EDGE('',*,*,#808,.T.);
#201=ORIENTED_EDGE('',*,*,#809,.T.);
#202=ORIENTED_EDGE('',*,*,#810,.T.);
#203=ORIENTED_EDGE('',*,*,#811,.T.);
#204=ORIENTED_EDGE('',*,*,#812,.T.);
#205=ORIENTED_EDGE('',*,*,#813,.T.);
#206=ORIENTED_EDGE('',*,*,#814,.T.);
#207=ORIENTED_EDGE('',*,*,#815,.T.);
#208=ORIENTED_EDGE('',*,*,#816,.T.);
#209=ORIENTED_EDGE('',*,*,#817,.T.);
#210=ORIENTED_EDGE('',*,*,#818,.T.);
#211=ORIENTED_EDGE('',*,*,#819,.T.);
#212=ORIENTED_EDGE('',*,*,#820,.T.);
#213=ORIENTED_EDGE('',*,*,#821,.T.);
#214=ORIENTED_EDGE('',*,*,#822,.T.);
#215=ORIENTED_EDGE('',*,*,#823,.T.);
#216=ORIENTED_EDGE('',*,*,#824,.T.);
#217=ORIENTED_EDGE('',*,*,#825,.T.);
#218=ORIENTED_EDGE('',*,*,#826,.T.);
#219=ORIENTED_EDGE('',*,*,#827,.T.);
#220=ORIENTED_EDGE('',*,*,#828,.T.);
#221=ORIENTED_EDGE('',*,*,#829,.T.);
#222=ORIENTED_EDGE('',*,*,#830,.T.);
#223=ORIENTED_EDGE('',*,*,#831,.T.);
#224=ORIENTED_EDGE('',*,*,#832,.T.);
#225=ORIENTED_EDGE('',*,*,#833,.T.);
#226=ORIENTED_EDGE('',*,*,#834,.T.);
#227=ORIENTED_EDGE('',*,*,#835,.T.);
#228=ORIENTED_EDGE('',*,*,#836,.T.);
#229=ORIENTED_EDGE('',*,*,#837,.T.);
#230=ORIENTED_EDGE('',*,*,#838,.F.);
#231=ORIENTED_EDGE('',*,*,#839,.F.);
#232=ORIENTED_EDGE('',*,*,#840,.F.);
#233=ORIENTED_EDGE('',*,*,#841,.F.);
#234=ORIENTED_EDGE('',*,*,#842,.F.);
#235=ORIENTED_EDGE('',*,*,#843,.F.);
#236=ORIENTED_EDGE('',*,*,#844,.F.);
#237=ORIENTED_EDGE('',*,*,#845,.F.);
#238=ORIENTED_EDGE('',*,*,#846,.F.);
#239=ORIENTED_EDGE('',*,*,#847,.F.);
#240=ORIENTED_EDGE('',*,*,#848,.F.);
#241=ORIENTED_EDGE('',*,*,#849,.F.);
#242=ORIENTED_EDGE('',*,*,#850,.F.);
#243=ORIENTED_EDGE('',*,*,#851,.F.);
#244=ORIENTED_EDGE('',*,*,#852,.F.);
#245=ORIENTED_EDGE('',*,*,#853,.F.);
#246=ORIENTED_EDGE('',*,*,#854,.F.);
#247=ORIENTED_EDGE('',*,*,#855,.F.);
#248=ORIENTED_EDGE('',*,*,#856,.F.);
#249=ORIENTED_EDGE('',*,*,#857,.F.);
#250=ORIENTED_EDGE('',*,*,#784,.T.);
#251=ORIENTED_EDGE('',*,*,#858,.T.);
#252=ORIENTED_EDGE('',*,*,#696,.F.);
#253=ORIENTED_EDGE('',*,*,#859,.F.);
#254=ORIENTED_EDGE('',*,*,#860,.F.);
#255=ORIENTED_EDGE('',*,*,#768,.T.);
#256=ORIENTED_EDGE('',*,*,#861,.T.);
#257=ORIENTED_EDGE('',*,*,#712,.T.);
#258=ORIENTED_EDGE('',*,*,#767,.T.);
#259=ORIENTED_EDGE('',*,*,#862,.T.);
#260=ORIENTED_EDGE('',*,*,#818,.F.);
#261=ORIENTED_EDGE('',*,*,#863,.T.);
#262=ORIENTED_EDGE('',*,*,#713,.F.);
#263=ORIENTED_EDGE('',*,*,#861,.F.);
#264=ORIENTED_EDGE('',*,*,#820,.F.);
#265=ORIENTED_EDGE('',*,*,#864,.T.);
#266=ORIENTED_EDGE('',*,*,#797,.T.);
#267=ORIENTED_EDGE('',*,*,#865,.T.);
#268=ORIENTED_EDGE('',*,*,#715,.F.);
#269=ORIENTED_EDGE('',*,*,#866,.F.);
#270=ORIENTED_EDGE('',*,*,#796,.T.);
#271=ORIENTED_EDGE('',*,*,#867,.T.);
#272=ORIENTED_EDGE('',*,*,#822,.F.);
#273=ORIENTED_EDGE('',*,*,#868,.F.);
#274=ORIENTED_EDGE('',*,*,#716,.F.);
#275=ORIENTED_EDGE('',*,*,#865,.F.);
#276=ORIENTED_EDGE('',*,*,#824,.F.);
#277=ORIENTED_EDGE('',*,*,#869,.T.);
#278=ORIENTED_EDGE('',*,*,#794,.T.);
#279=ORIENTED_EDGE('',*,*,#870,.T.);
#280=ORIENTED_EDGE('',*,*,#718,.F.);
#281=ORIENTED_EDGE('',*,*,#871,.F.);
#282=ORIENTED_EDGE('',*,*,#793,.T.);
#283=ORIENTED_EDGE('',*,*,#872,.T.);
#284=ORIENTED_EDGE('',*,*,#826,.F.);
#285=ORIENTED_EDGE('',*,*,#873,.F.);
#286=ORIENTED_EDGE('',*,*,#719,.F.);
#287=ORIENTED_EDGE('',*,*,#870,.F.);
#288=ORIENTED_EDGE('',*,*,#828,.F.);
#289=ORIENTED_EDGE('',*,*,#874,.T.);
#290=ORIENTED_EDGE('',*,*,#791,.T.);
#291=ORIENTED_EDGE('',*,*,#875,.T.);
#292=ORIENTED_EDGE('',*,*,#721,.F.);
#293=ORIENTED_EDGE('',*,*,#876,.F.);
#294=ORIENTED_EDGE('',*,*,#790,.T.);
#295=ORIENTED_EDGE('',*,*,#877,.T.);
#296=ORIENTED_EDGE('',*,*,#830,.F.);
#297=ORIENTED_EDGE('',*,*,#878,.F.);
#298=ORIENTED_EDGE('',*,*,#722,.F.);
#299=ORIENTED_EDGE('',*,*,#875,.F.);
#300=ORIENTED_EDGE('',*,*,#832,.F.);
#301=ORIENTED_EDGE('',*,*,#879,.T.);
#302=ORIENTED_EDGE('',*,*,#788,.T.);
#303=ORIENTED_EDGE('',*,*,#880,.T.);
#304=ORIENTED_EDGE('',*,*,#724,.F.);
#305=ORIENTED_EDGE('',*,*,#881,.F.);
#306=ORIENTED_EDGE('',*,*,#787,.T.);
#307=ORIENTED_EDGE('',*,*,#882,.T.);
#308=ORIENTED_EDGE('',*,*,#834,.F.);
#309=ORIENTED_EDGE('',*,*,#883,.F.);
#310=ORIENTED_EDGE('',*,*,#725,.F.);
#311=ORIENTED_EDGE('',*,*,#880,.F.);
#312=ORIENTED_EDGE('',*,*,#836,.F.);
#313=ORIENTED_EDGE('',*,*,#884,.T.);
#314=ORIENTED_EDGE('',*,*,#785,.T.);
#315=ORIENTED_EDGE('',*,*,#859,.T.);
#316=ORIENTED_EDGE('',*,*,#695,.F.);
#317=ORIENTED_EDGE('',*,*,#885,.F.);
#318=ORIENTED_EDGE('',*,*,#886,.T.);
#319=ORIENTED_EDGE('',*,*,#769,.T.);
#320=ORIENTED_EDGE('',*,*,#860,.T.);
#321=ORIENTED_EDGE('',*,*,#711,.T.);
#322=ORIENTED_EDGE('',*,*,#887,.F.);
#323=ORIENTED_EDGE('',*,*,#856,.T.);
#324=ORIENTED_EDGE('',*,*,#888,.F.);
#325=ORIENTED_EDGE('',*,*,#771,.T.);
#326=ORIENTED_EDGE('',*,*,#889,.T.);
#327=ORIENTED_EDGE('',*,*,#854,.T.);
#328=ORIENTED_EDGE('',*,*,#890,.T.);
#329=ORIENTED_EDGE('',*,*,#709,.T.);
#330=ORIENTED_EDGE('',*,*,#891,.T.);
#331=ORIENTED_EDGE('',*,*,#772,.T.);
#332=ORIENTED_EDGE('',*,*,#888,.T.);
#333=ORIENTED_EDGE('',*,*,#708,.T.);
#334=ORIENTED_EDGE('',*,*,#892,.T.);
#335=ORIENTED_EDGE('',*,*,#852,.T.);
#336=ORIENTED_EDGE('',*,*,#893,.F.);
#337=ORIENTED_EDGE('',*,*,#774,.T.);
#338=ORIENTED_EDGE('',*,*,#894,.T.);
#339=ORIENTED_EDGE('',*,*,#850,.T.);
#340=ORIENTED_EDGE('',*,*,#895,.T.);
#341=ORIENTED_EDGE('',*,*,#706,.T.);
#342=ORIENTED_EDGE('',*,*,#896,.T.);
#343=ORIENTED_EDGE('',*,*,#775,.T.);
#344=ORIENTED_EDGE('',*,*,#893,.T.);
#345=ORIENTED_EDGE('',*,*,#705,.T.);
#346=ORIENTED_EDGE('',*,*,#897,.T.);
#347=ORIENTED_EDGE('',*,*,#848,.T.);
#348=ORIENTED_EDGE('',*,*,#898,.F.);
#349=ORIENTED_EDGE('',*,*,#777,.T.);
#350=ORIENTED_EDGE('',*,*,#899,.T.);
#351=ORIENTED_EDGE('',*,*,#846,.T.);
#352=ORIENTED_EDGE('',*,*,#900,.T.);
#353=ORIENTED_EDGE('',*,*,#703,.T.);
#354=ORIENTED_EDGE('',*,*,#901,.T.);
#355=ORIENTED_EDGE('',*,*,#778,.T.);
#356=ORIENTED_EDGE('',*,*,#898,.T.);
#357=ORIENTED_EDGE('',*,*,#702,.T.);
#358=ORIENTED_EDGE('',*,*,#902,.T.);
#359=ORIENTED_EDGE('',*,*,#844,.T.);
#360=ORIENTED_EDGE('',*,*,#903,.F.);
#361=ORIENTED_EDGE('',*,*,#780,.T.);
#362=ORIENTED_EDGE('',*,*,#904,.T.);
#363=ORIENTED_EDGE('',*,*,#842,.T.);
#364=ORIENTED_EDGE('',*,*,#905,.T.);
#365=ORIENTED_EDGE('',*,*,#700,.T.);
#366=ORIENTED_EDGE('',*,*,#906,.T.);
#367=ORIENTED_EDGE('',*,*,#781,.T.);
#368=ORIENTED_EDGE('',*,*,#903,.T.);
#369=ORIENTED_EDGE('',*,*,#699,.T.);
#370=ORIENTED_EDGE('',*,*,#907,.T.);
#371=ORIENTED_EDGE('',*,*,#840,.T.);
#372=ORIENTED_EDGE('',*,*,#858,.F.);
#373=ORIENTED_EDGE('',*,*,#783,.T.);
#374=ORIENTED_EDGE('',*,*,#908,.T.);
#375=ORIENTED_EDGE('',*,*,#838,.T.);
#376=ORIENTED_EDGE('',*,*,#909,.T.);
#377=ORIENTED_EDGE('',*,*,#697,.T.);
#378=ORIENTED_EDGE('',*,*,#837,.F.);
#379=ORIENTED_EDGE('',*,*,#885,.T.);
#380=ORIENTED_EDGE('',*,*,#694,.T.);
#381=ORIENTED_EDGE('',*,*,#883,.T.);
#382=ORIENTED_EDGE('',*,*,#833,.F.);
#383=ORIENTED_EDGE('',*,*,#881,.T.);
#384=ORIENTED_EDGE('',*,*,#723,.T.);
#385=ORIENTED_EDGE('',*,*,#878,.T.);
#386=ORIENTED_EDGE('',*,*,#829,.F.);
#387=ORIENTED_EDGE('',*,*,#876,.T.);
#388=ORIENTED_EDGE('',*,*,#720,.T.);
#389=ORIENTED_EDGE('',*,*,#873,.T.);
#390=ORIENTED_EDGE('',*,*,#825,.F.);
#391=ORIENTED_EDGE('',*,*,#871,.T.);
#392=ORIENTED_EDGE('',*,*,#717,.T.);
#393=ORIENTED_EDGE('',*,*,#868,.T.);
#394=ORIENTED_EDGE('',*,*,#821,.F.);
#395=ORIENTED_EDGE('',*,*,#866,.T.);
#396=ORIENTED_EDGE('',*,*,#714,.T.);
#397=ORIENTED_EDGE('',*,*,#863,.F.);
#398=ORIENTED_EDGE('',*,*,#841,.T.);
#399=ORIENTED_EDGE('',*,*,#907,.F.);
#400=ORIENTED_EDGE('',*,*,#698,.F.);
#401=ORIENTED_EDGE('',*,*,#909,.F.);
#402=ORIENTED_EDGE('',*,*,#845,.T.);
#403=ORIENTED_EDGE('',*,*,#902,.F.);
#404=ORIENTED_EDGE('',*,*,#701,.F.);
#405=ORIENTED_EDGE('',*,*,#905,.F.);
#406=ORIENTED_EDGE('',*,*,#849,.T.);
#407=ORIENTED_EDGE('',*,*,#897,.F.);
#408=ORIENTED_EDGE('',*,*,#704,.F.);
#409=ORIENTED_EDGE('',*,*,#900,.F.);
#410=ORIENTED_EDGE('',*,*,#853,.T.);
#411=ORIENTED_EDGE('',*,*,#892,.F.);
#412=ORIENTED_EDGE('',*,*,#707,.F.);
#413=ORIENTED_EDGE('',*,*,#895,.F.);
#414=ORIENTED_EDGE('',*,*,#857,.T.);
#415=ORIENTED_EDGE('',*,*,#887,.T.);
#416=ORIENTED_EDGE('',*,*,#710,.F.);
#417=ORIENTED_EDGE('',*,*,#890,.F.);
#418=ORIENTED_EDGE('',*,*,#766,.T.);
#419=ORIENTED_EDGE('',*,*,#864,.F.);
#420=ORIENTED_EDGE('',*,*,#819,.F.);
#421=ORIENTED_EDGE('',*,*,#862,.F.);
#422=ORIENTED_EDGE('',*,*,#795,.T.);
#423=ORIENTED_EDGE('',*,*,#869,.F.);
#424=ORIENTED_EDGE('',*,*,#823,.F.);
#425=ORIENTED_EDGE('',*,*,#867,.F.);
#426=ORIENTED_EDGE('',*,*,#792,.T.);
#427=ORIENTED_EDGE('',*,*,#874,.F.);
#428=ORIENTED_EDGE('',*,*,#827,.F.);
#429=ORIENTED_EDGE('',*,*,#872,.F.);
#430=ORIENTED_EDGE('',*,*,#789,.T.);
#431=ORIENTED_EDGE('',*,*,#879,.F.);
#432=ORIENTED_EDGE('',*,*,#831,.F.);
#433=ORIENTED_EDGE('',*,*,#877,.F.);
#434=ORIENTED_EDGE('',*,*,#786,.T.);
#435=ORIENTED_EDGE('',*,*,#884,.F.);
#436=ORIENTED_EDGE('',*,*,#835,.F.);
#437=ORIENTED_EDGE('',*,*,#882,.F.);
#438=ORIENTED_EDGE('',*,*,#855,.T.);
#439=ORIENTED_EDGE('',*,*,#889,.F.);
#440=ORIENTED_EDGE('',*,*,#770,.F.);
#441=ORIENTED_EDGE('',*,*,#886,.F.);
#442=ORIENTED_EDGE('',*,*,#851,.T.);
#443=ORIENTED_EDGE('',*,*,#894,.F.);
#444=ORIENTED_EDGE('',*,*,#773,.F.);
#445=ORIENTED_EDGE('',*,*,#891,.F.);
#446=ORIENTED_EDGE('',*,*,#847,.T.);
#447=ORIENTED_EDGE('',*,*,#899,.F.);
#448=ORIENTED_EDGE('',*,*,#776,.F.);
#449=ORIENTED_EDGE('',*,*,#896,.F.);
#450=ORIENTED_EDGE('',*,*,#843,.T.);
#451=ORIENTED_EDGE('',*,*,#904,.F.);
#452=ORIENTED_EDGE('',*,*,#779,.F.);
#453=ORIENTED_EDGE('',*,*,#901,.F.);
#454=ORIENTED_EDGE('',*,*,#839,.T.);
#455=ORIENTED_EDGE('',*,*,#908,.F.);
#456=ORIENTED_EDGE('',*,*,#782,.F.);
#457=ORIENTED_EDGE('',*,*,#906,.F.);
#458=ORIENTED_EDGE('',*,*,#910,.T.);
#459=ORIENTED_EDGE('',*,*,#691,.F.);
#460=ORIENTED_EDGE('',*,*,#911,.F.);
#461=ORIENTED_EDGE('',*,*,#763,.F.);
#462=ORIENTED_EDGE('',*,*,#912,.T.);
#463=ORIENTED_EDGE('',*,*,#692,.F.);
#464=ORIENTED_EDGE('',*,*,#910,.F.);
#465=ORIENTED_EDGE('',*,*,#762,.F.);
#466=ORIENTED_EDGE('',*,*,#913,.T.);
#467=ORIENTED_EDGE('',*,*,#693,.F.);
#468=ORIENTED_EDGE('',*,*,#912,.F.);
#469=ORIENTED_EDGE('',*,*,#765,.F.);
#470=ORIENTED_EDGE('',*,*,#911,.T.);
#471=ORIENTED_EDGE('',*,*,#690,.F.);
#472=ORIENTED_EDGE('',*,*,#913,.F.);
#473=ORIENTED_EDGE('',*,*,#764,.F.);
#474=ORIENTED_EDGE('',*,*,#914,.T.);
#475=ORIENTED_EDGE('',*,*,#727,.F.);
#476=ORIENTED_EDGE('',*,*,#915,.F.);
#477=ORIENTED_EDGE('',*,*,#799,.F.);
#478=ORIENTED_EDGE('',*,*,#916,.T.);
#479=ORIENTED_EDGE('',*,*,#728,.F.);
#480=ORIENTED_EDGE('',*,*,#914,.F.);
#481=ORIENTED_EDGE('',*,*,#798,.F.);
#482=ORIENTED_EDGE('',*,*,#917,.T.);
#483=ORIENTED_EDGE('',*,*,#729,.F.);
#484=ORIENTED_EDGE('',*,*,#916,.F.);
#485=ORIENTED_EDGE('',*,*,#801,.F.);
#486=ORIENTED_EDGE('',*,*,#915,.T.);
#487=ORIENTED_EDGE('',*,*,#726,.F.);
#488=ORIENTED_EDGE('',*,*,#917,.F.);
#489=ORIENTED_EDGE('',*,*,#800,.F.);
#490=ORIENTED_EDGE('',*,*,#918,.T.);
#491=ORIENTED_EDGE('',*,*,#687,.F.);
#492=ORIENTED_EDGE('',*,*,#919,.F.);
#493=ORIENTED_EDGE('',*,*,#759,.F.);
#494=ORIENTED_EDGE('',*,*,#920,.T.);
#495=ORIENTED_EDGE('',*,*,#688,.F.);
#496=ORIENTED_EDGE('',*,*,#918,.F.);
#497=ORIENTED_EDGE('',*,*,#758,.F.);
#498=ORIENTED_EDGE('',*,*,#921,.T.);
#499=ORIENTED_EDGE('',*,*,#689,.F.);
#500=ORIENTED_EDGE('',*,*,#920,.F.);
#501=ORIENTED_EDGE('',*,*,#761,.F.);
#502=ORIENTED_EDGE('',*,*,#919,.T.);
#503=ORIENTED_EDGE('',*,*,#686,.F.);
#504=ORIENTED_EDGE('',*,*,#921,.F.);
#505=ORIENTED_EDGE('',*,*,#760,.F.);
#506=ORIENTED_EDGE('',*,*,#922,.T.);
#507=ORIENTED_EDGE('',*,*,#731,.F.);
#508=ORIENTED_EDGE('',*,*,#923,.F.);
#509=ORIENTED_EDGE('',*,*,#803,.F.);
#510=ORIENTED_EDGE('',*,*,#924,.T.);
#511=ORIENTED_EDGE('',*,*,#732,.F.);
#512=ORIENTED_EDGE('',*,*,#922,.F.);
#513=ORIENTED_EDGE('',*,*,#802,.F.);
#514=ORIENTED_EDGE('',*,*,#925,.T.);
#515=ORIENTED_EDGE('',*,*,#733,.F.);
#516=ORIENTED_EDGE('',*,*,#924,.F.);
#517=ORIENTED_EDGE('',*,*,#805,.F.);
#518=ORIENTED_EDGE('',*,*,#923,.T.);
#519=ORIENTED_EDGE('',*,*,#730,.F.);
#520=ORIENTED_EDGE('',*,*,#925,.F.);
#521=ORIENTED_EDGE('',*,*,#804,.F.);
#522=ORIENTED_EDGE('',*,*,#926,.T.);
#523=ORIENTED_EDGE('',*,*,#683,.F.);
#524=ORIENTED_EDGE('',*,*,#927,.F.);
#525=ORIENTED_EDGE('',*,*,#755,.F.);
#526=ORIENTED_EDGE('',*,*,#928,.T.);
#527=ORIENTED_EDGE('',*,*,#684,.F.);
#528=ORIENTED_EDGE('',*,*,#926,.F.);
#529=ORIENTED_EDGE('',*,*,#754,.F.);
#530=ORIENTED_EDGE('',*,*,#929,.T.);
#531=ORIENTED_EDGE('',*,*,#685,.F.);
#532=ORIENTED_EDGE('',*,*,#928,.F.);
#533=ORIENTED_EDGE('',*,*,#757,.F.);
#534=ORIENTED_EDGE('',*,*,#927,.T.);
#535=ORIENTED_EDGE('',*,*,#682,.F.);
#536=ORIENTED_EDGE('',*,*,#929,.F.);
#537=ORIENTED_EDGE('',*,*,#756,.F.);
#538=ORIENTED_EDGE('',*,*,#930,.T.);
#539=ORIENTED_EDGE('',*,*,#735,.F.);
#540=ORIENTED_EDGE('',*,*,#931,.F.);
#541=ORIENTED_EDGE('',*,*,#807,.F.);
#542=ORIENTED_EDGE('',*,*,#932,.T.);
#543=ORIENTED_EDGE('',*,*,#736,.F.);
#544=ORIENTED_EDGE('',*,*,#930,.F.);
#545=ORIENTED_EDGE('',*,*,#806,.F.);
#546=ORIENTED_EDGE('',*,*,#933,.T.);
#547=ORIENTED_EDGE('',*,*,#737,.F.);
#548=ORIENTED_EDGE('',*,*,#932,.F.);
#549=ORIENTED_EDGE('',*,*,#809,.F.);
#550=ORIENTED_EDGE('',*,*,#931,.T.);
#551=ORIENTED_EDGE('',*,*,#734,.F.);
#552=ORIENTED_EDGE('',*,*,#933,.F.);
#553=ORIENTED_EDGE('',*,*,#808,.F.);
#554=ORIENTED_EDGE('',*,*,#934,.T.);
#555=ORIENTED_EDGE('',*,*,#679,.F.);
#556=ORIENTED_EDGE('',*,*,#935,.F.);
#557=ORIENTED_EDGE('',*,*,#751,.F.);
#558=ORIENTED_EDGE('',*,*,#936,.T.);
#559=ORIENTED_EDGE('',*,*,#680,.F.);
#560=ORIENTED_EDGE('',*,*,#934,.F.);
#561=ORIENTED_EDGE('',*,*,#750,.F.);
#562=ORIENTED_EDGE('',*,*,#937,.T.);
#563=ORIENTED_EDGE('',*,*,#681,.F.);
#564=ORIENTED_EDGE('',*,*,#936,.F.);
#565=ORIENTED_EDGE('',*,*,#753,.F.);
#566=ORIENTED_EDGE('',*,*,#935,.T.);
#567=ORIENTED_EDGE('',*,*,#678,.F.);
#568=ORIENTED_EDGE('',*,*,#937,.F.);
#569=ORIENTED_EDGE('',*,*,#752,.F.);
#570=ORIENTED_EDGE('',*,*,#938,.T.);
#571=ORIENTED_EDGE('',*,*,#739,.F.);
#572=ORIENTED_EDGE('',*,*,#939,.F.);
#573=ORIENTED_EDGE('',*,*,#811,.F.);
#574=ORIENTED_EDGE('',*,*,#940,.T.);
#575=ORIENTED_EDGE('',*,*,#740,.F.);
#576=ORIENTED_EDGE('',*,*,#938,.F.);
#577=ORIENTED_EDGE('',*,*,#810,.F.);
#578=ORIENTED_EDGE('',*,*,#941,.T.);
#579=ORIENTED_EDGE('',*,*,#741,.F.);
#580=ORIENTED_EDGE('',*,*,#940,.F.);
#581=ORIENTED_EDGE('',*,*,#813,.F.);
#582=ORIENTED_EDGE('',*,*,#939,.T.);
#583=ORIENTED_EDGE('',*,*,#738,.F.);
#584=ORIENTED_EDGE('',*,*,#941,.F.);
#585=ORIENTED_EDGE('',*,*,#812,.F.);
#586=ORIENTED_EDGE('',*,*,#942,.T.);
#587=ORIENTED_EDGE('',*,*,#675,.F.);
#588=ORIENTED_EDGE('',*,*,#943,.F.);
#589=ORIENTED_EDGE('',*,*,#747,.F.);
#590=ORIENTED_EDGE('',*,*,#944,.T.);
#591=ORIENTED_EDGE('',*,*,#676,.F.);
#592=ORIENTED_EDGE('',*,*,#942,.F.);
#593=ORIENTED_EDGE('',*,*,#746,.F.);
#594=ORIENTED_EDGE('',*,*,#945,.T.);
#595=ORIENTED_EDGE('',*,*,#677,.F.);
#596=ORIENTED_EDGE('',*,*,#944,.F.);
#597=ORIENTED_EDGE('',*,*,#749,.F.);
#598=ORIENTED_EDGE('',*,*,#943,.T.);
#599=ORIENTED_EDGE('',*,*,#674,.F.);
#600=ORIENTED_EDGE('',*,*,#945,.F.);
#601=ORIENTED_EDGE('',*,*,#748,.F.);
#602=ORIENTED_EDGE('',*,*,#946,.T.);
#603=ORIENTED_EDGE('',*,*,#743,.F.);
#604=ORIENTED_EDGE('',*,*,#947,.F.);
#605=ORIENTED_EDGE('',*,*,#815,.F.);
#606=ORIENTED_EDGE('',*,*,#948,.T.);
#607=ORIENTED_EDGE('',*,*,#744,.F.);
#608=ORIENTED_EDGE('',*,*,#946,.F.);
#609=ORIENTED_EDGE('',*,*,#814,.F.);
#610=ORIENTED_EDGE('',*,*,#949,.T.);
#611=ORIENTED_EDGE('',*,*,#745,.F.);
#612=ORIENTED_EDGE('',*,*,#948,.F.);
#613=ORIENTED_EDGE('',*,*,#817,.F.);
#614=ORIENTED_EDGE('',*,*,#947,.T.);
#615=ORIENTED_EDGE('',*,*,#742,.F.);
#616=ORIENTED_EDGE('',*,*,#949,.F.);
#617=ORIENTED_EDGE('',*,*,#816,.F.);
#618=ORIENTED_EDGE('',*,*,#950,.T.);
#619=ORIENTED_EDGE('',*,*,#951,.T.);
#620=ORIENTED_EDGE('',*,*,#952,.T.);
#621=ORIENTED_EDGE('',*,*,#953,.T.);
#622=ORIENTED_EDGE('',*,*,#954,.T.);
#623=ORIENTED_EDGE('',*,*,#955,.T.);
#624=ORIENTED_EDGE('',*,*,#956,.F.);
#625=ORIENTED_EDGE('',*,*,#957,.T.);
#626=ORIENTED_EDGE('',*,*,#958,.T.);
#627=ORIENTED_EDGE('',*,*,#959,.T.);
#628=ORIENTED_EDGE('',*,*,#960,.T.);
#629=ORIENTED_EDGE('',*,*,#961,.T.);
#630=ORIENTED_EDGE('',*,*,#962,.F.);
#631=ORIENTED_EDGE('',*,*,#963,.T.);
#632=ORIENTED_EDGE('',*,*,#964,.T.);
#633=ORIENTED_EDGE('',*,*,#965,.T.);
#634=ORIENTED_EDGE('',*,*,#956,.T.);
#635=ORIENTED_EDGE('',*,*,#966,.T.);
#636=ORIENTED_EDGE('',*,*,#962,.T.);
#637=ORIENTED_EDGE('',*,*,#967,.T.);
#638=ORIENTED_EDGE('',*,*,#964,.F.);
#639=ORIENTED_EDGE('',*,*,#968,.T.);
#640=ORIENTED_EDGE('',*,*,#954,.F.);
#641=ORIENTED_EDGE('',*,*,#969,.T.);
#642=ORIENTED_EDGE('',*,*,#970,.F.);
#643=ORIENTED_EDGE('',*,*,#961,.F.);
#644=ORIENTED_EDGE('',*,*,#971,.F.);
#645=ORIENTED_EDGE('',*,*,#968,.F.);
#646=ORIENTED_EDGE('',*,*,#971,.T.);
#647=ORIENTED_EDGE('',*,*,#960,.F.);
#648=ORIENTED_EDGE('',*,*,#972,.F.);
#649=ORIENTED_EDGE('',*,*,#955,.F.);
#650=ORIENTED_EDGE('',*,*,#970,.T.);
#651=ORIENTED_EDGE('',*,*,#963,.F.);
#652=ORIENTED_EDGE('',*,*,#973,.F.);
#653=ORIENTED_EDGE('',*,*,#958,.F.);
#654=ORIENTED_EDGE('',*,*,#972,.T.);
#655=ORIENTED_EDGE('',*,*,#959,.F.);
#656=ORIENTED_EDGE('',*,*,#973,.T.);
#657=ORIENTED_EDGE('',*,*,#966,.F.);
#658=ORIENTED_EDGE('',*,*,#974,.F.);
#659=ORIENTED_EDGE('',*,*,#967,.F.);
#660=ORIENTED_EDGE('',*,*,#975,.F.);
#661=ORIENTED_EDGE('',*,*,#953,.F.);
#662=ORIENTED_EDGE('',*,*,#975,.T.);
#663=ORIENTED_EDGE('',*,*,#965,.F.);
#664=ORIENTED_EDGE('',*,*,#976,.F.);
#665=ORIENTED_EDGE('',*,*,#950,.F.);
#666=ORIENTED_EDGE('',*,*,#974,.T.);
#667=ORIENTED_EDGE('',*,*,#952,.F.);
#668=ORIENTED_EDGE('',*,*,#977,.F.);
#669=ORIENTED_EDGE('',*,*,#957,.F.);
#670=ORIENTED_EDGE('',*,*,#976,.T.);
#671=ORIENTED_EDGE('',*,*,#969,.F.);
#672=ORIENTED_EDGE('',*,*,#977,.T.);
#673=ORIENTED_EDGE('',*,*,#951,.F.);
#674=EDGE_CURVE('',#978,#979,#1178,.T.);
#675=EDGE_CURVE('',#979,#980,#1179,.T.);
#676=EDGE_CURVE('',#980,#981,#1180,.T.);
#677=EDGE_CURVE('',#981,#978,#1181,.T.);
#678=EDGE_CURVE('',#982,#983,#1182,.T.);
#679=EDGE_CURVE('',#983,#984,#1183,.T.);
#680=EDGE_CURVE('',#984,#985,#1184,.T.);
#681=EDGE_CURVE('',#985,#982,#1185,.T.);
#682=EDGE_CURVE('',#986,#987,#1186,.T.);
#683=EDGE_CURVE('',#987,#988,#1187,.T.);
#684=EDGE_CURVE('',#988,#989,#1188,.T.);
#685=EDGE_CURVE('',#989,#986,#1189,.T.);
#686=EDGE_CURVE('',#990,#991,#1190,.T.);
#687=EDGE_CURVE('',#991,#992,#1191,.T.);
#688=EDGE_CURVE('',#992,#993,#1192,.T.);
#689=EDGE_CURVE('',#993,#990,#1193,.T.);
#690=EDGE_CURVE('',#994,#995,#1194,.T.);
#691=EDGE_CURVE('',#995,#996,#1195,.T.);
#692=EDGE_CURVE('',#996,#997,#1196,.T.);
#693=EDGE_CURVE('',#997,#994,#1197,.T.);
#694=EDGE_CURVE('',#998,#999,#1198,.T.);
#695=EDGE_CURVE('',#998,#1000,#1199,.T.);
#696=EDGE_CURVE('',#1000,#1001,#1200,.T.);
#697=EDGE_CURVE('',#1002,#1001,#1201,.T.);
#698=EDGE_CURVE('',#1002,#1003,#1202,.T.);
#699=EDGE_CURVE('',#1004,#1003,#1203,.T.);
#700=EDGE_CURVE('',#1005,#1004,#1204,.T.);
#701=EDGE_CURVE('',#1005,#1006,#1205,.T.);
#702=EDGE_CURVE('',#1007,#1006,#1206,.T.);
#703=EDGE_CURVE('',#1008,#1007,#1207,.T.);
#704=EDGE_CURVE('',#1008,#1009,#1208,.T.);
#705=EDGE_CURVE('',#1010,#1009,#1209,.T.);
#706=EDGE_CURVE('',#1011,#1010,#1210,.T.);
#707=EDGE_CURVE('',#1011,#1012,#1211,.T.);
#708=EDGE_CURVE('',#1013,#1012,#1212,.T.);
#709=EDGE_CURVE('',#1014,#1013,#1213,.T.);
#710=EDGE_CURVE('',#1014,#1015,#1214,.T.);
#711=EDGE_CURVE('',#1016,#1015,#1215,.T.);
#712=EDGE_CURVE('',#1017,#1016,#1216,.T.);
#713=EDGE_CURVE('',#1017,#1018,#1217,.T.);
#714=EDGE_CURVE('',#1019,#1018,#1218,.T.);
#715=EDGE_CURVE('',#1019,#1020,#1219,.T.);
#716=EDGE_CURVE('',#1020,#1021,#1220,.T.);
#717=EDGE_CURVE('',#1022,#1021,#1221,.T.);
#718=EDGE_CURVE('',#1022,#1023,#1222,.T.);
#719=EDGE_CURVE('',#1023,#1024,#1223,.T.);
#720=EDGE_CURVE('',#1025,#1024,#1224,.T.);
#721=EDGE_CURVE('',#1025,#1026,#1225,.T.);
#722=EDGE_CURVE('',#1026,#1027,#1226,.T.);
#723=EDGE_CURVE('',#1028,#1027,#1227,.T.);
#724=EDGE_CURVE('',#1028,#1029,#1228,.T.);
#725=EDGE_CURVE('',#1029,#999,#1229,.T.);
#726=EDGE_CURVE('',#1030,#1031,#1230,.T.);
#727=EDGE_CURVE('',#1031,#1032,#1231,.T.);
#728=EDGE_CURVE('',#1032,#1033,#1232,.T.);
#729=EDGE_CURVE('',#1033,#1030,#1233,.T.);
#730=EDGE_CURVE('',#1034,#1035,#1234,.T.);
#731=EDGE_CURVE('',#1035,#1036,#1235,.T.);
#732=EDGE_CURVE('',#1036,#1037,#1236,.T.);
#733=EDGE_CURVE('',#1037,#1034,#1237,.T.);
#734=EDGE_CURVE('',#1038,#1039,#1238,.T.);
#735=EDGE_CURVE('',#1039,#1040,#1239,.T.);
#736=EDGE_CURVE('',#1040,#1041,#1240,.T.);
#737=EDGE_CURVE('',#1041,#1038,#1241,.T.);
#738=EDGE_CURVE('',#1042,#1043,#1242,.T.);
#739=EDGE_CURVE('',#1043,#1044,#1243,.T.);
#740=EDGE_CURVE('',#1044,#1045,#1244,.T.);
#741=EDGE_CURVE('',#1045,#1042,#1245,.T.);
#742=EDGE_CURVE('',#1046,#1047,#1246,.T.);
#743=EDGE_CURVE('',#1047,#1048,#1247,.T.);
#744=EDGE_CURVE('',#1048,#1049,#1248,.T.);
#745=EDGE_CURVE('',#1049,#1046,#1249,.T.);
#746=EDGE_CURVE('',#1050,#1051,#1250,.T.);
#747=EDGE_CURVE('',#1051,#1052,#1251,.T.);
#748=EDGE_CURVE('',#1052,#1053,#1252,.T.);
#749=EDGE_CURVE('',#1053,#1050,#1253,.T.);
#750=EDGE_CURVE('',#1054,#1055,#1254,.T.);
#751=EDGE_CURVE('',#1055,#1056,#1255,.T.);
#752=EDGE_CURVE('',#1056,#1057,#1256,.T.);
#753=EDGE_CURVE('',#1057,#1054,#1257,.T.);
#754=EDGE_CURVE('',#1058,#1059,#1258,.T.);
#755=EDGE_CURVE('',#1059,#1060,#1259,.T.);
#756=EDGE_CURVE('',#1060,#1061,#1260,.T.);
#757=EDGE_CURVE('',#1061,#1058,#1261,.T.);
#758=EDGE_CURVE('',#1062,#1063,#1262,.T.);
#759=EDGE_CURVE('',#1063,#1064,#1263,.T.);
#760=EDGE_CURVE('',#1064,#1065,#1264,.T.);
#761=EDGE_CURVE('',#1065,#1062,#1265,.T.);
#762=EDGE_CURVE('',#1066,#1067,#1266,.T.);
#763=EDGE_CURVE('',#1067,#1068,#1267,.T.);
#764=EDGE_CURVE('',#1068,#1069,#1268,.T.);
#765=EDGE_CURVE('',#1069,#1066,#1269,.T.);
#766=EDGE_CURVE('',#1070,#1071,#1270,.T.);
#767=EDGE_CURVE('',#1072,#1070,#1271,.T.);
#768=EDGE_CURVE('',#1073,#1072,#1272,.T.);
#769=EDGE_CURVE('',#1074,#1073,#1273,.T.);
#770=EDGE_CURVE('',#1074,#1075,#1274,.T.);
#771=EDGE_CURVE('',#1076,#1075,#1275,.T.);
#772=EDGE_CURVE('',#1077,#1076,#1276,.T.);
#773=EDGE_CURVE('',#1077,#1078,#1277,.T.);
#774=EDGE_CURVE('',#1079,#1078,#1278,.T.);
#775=EDGE_CURVE('',#1080,#1079,#1279,.T.);
#776=EDGE_CURVE('',#1080,#1081,#1280,.T.);
#777=EDGE_CURVE('',#1082,#1081,#1281,.T.);
#778=EDGE_CURVE('',#1083,#1082,#1282,.T.);
#779=EDGE_CURVE('',#1083,#1084,#1283,.T.);
#780=EDGE_CURVE('',#1085,#1084,#1284,.T.);
#781=EDGE_CURVE('',#1086,#1085,#1285,.T.);
#782=EDGE_CURVE('',#1086,#1087,#1286,.T.);
#783=EDGE_CURVE('',#1088,#1087,#1287,.T.);
#784=EDGE_CURVE('',#1089,#1088,#1288,.T.);
#785=EDGE_CURVE('',#1090,#1089,#1289,.T.);
#786=EDGE_CURVE('',#1091,#1090,#1290,.T.);
#787=EDGE_CURVE('',#1092,#1091,#1291,.T.);
#788=EDGE_CURVE('',#1093,#1092,#1292,.T.);
#789=EDGE_CURVE('',#1094,#1093,#1293,.T.);
#790=EDGE_CURVE('',#1095,#1094,#1294,.T.);
#791=EDGE_CURVE('',#1096,#1095,#1295,.T.);
#792=EDGE_CURVE('',#1097,#1096,#1296,.T.);
#793=EDGE_CURVE('',#1098,#1097,#1297,.T.);
#794=EDGE_CURVE('',#1099,#1098,#1298,.T.);
#795=EDGE_CURVE('',#1100,#1099,#1299,.T.);
#796=EDGE_CURVE('',#1101,#1100,#1300,.T.);
#797=EDGE_CURVE('',#1071,#1101,#1301,.T.);
#798=EDGE_CURVE('',#1102,#1103,#1302,.T.);
#799=EDGE_CURVE('',#1103,#1104,#1303,.T.);
#800=EDGE_CURVE('',#1104,#1105,#1304,.T.);
#801=EDGE_CURVE('',#1105,#1102,#1305,.T.);
#802=EDGE_CURVE('',#1106,#1107,#1306,.T.);
#803=EDGE_CURVE('',#1107,#1108,#1307,.T.);
#804=EDGE_CURVE('',#1108,#1109,#1308,.T.);
#805=EDGE_CURVE('',#1109,#1106,#1309,.T.);
#806=EDGE_CURVE('',#1110,#1111,#1310,.T.);
#807=EDGE_CURVE('',#1111,#1112,#1311,.T.);
#808=EDGE_CURVE('',#1112,#1113,#1312,.T.);
#809=EDGE_CURVE('',#1113,#1110,#1313,.T.);
#810=EDGE_CURVE('',#1114,#1115,#1314,.T.);
#811=EDGE_CURVE('',#1115,#1116,#1315,.T.);
#812=EDGE_CURVE('',#1116,#1117,#1316,.T.);
#813=EDGE_CURVE('',#1117,#1114,#1317,.T.);
#814=EDGE_CURVE('',#1118,#1119,#1318,.T.);
#815=EDGE_CURVE('',#1119,#1120,#1319,.T.);
#816=EDGE_CURVE('',#1120,#1121,#1320,.T.);
#817=EDGE_CURVE('',#1121,#1118,#1321,.T.);
#818=EDGE_CURVE('',#1122,#1123,#1322,.T.);
#819=EDGE_CURVE('',#1123,#1124,#1323,.T.);
#820=EDGE_CURVE('',#1124,#1125,#1324,.T.);
#821=EDGE_CURVE('',#1125,#1122,#1325,.T.);
#822=EDGE_CURVE('',#1126,#1127,#1326,.T.);
#823=EDGE_CURVE('',#1127,#1128,#1327,.T.);
#824=EDGE_CURVE('',#1128,#1129,#1328,.T.);
#825=EDGE_CURVE('',#1129,#1126,#1329,.T.);
#826=EDGE_CURVE('',#1130,#1131,#1330,.T.);
#827=EDGE_CURVE('',#1131,#1132,#1331,.T.);
#828=EDGE_CURVE('',#1132,#1133,#1332,.T.);
#829=EDGE_CURVE('',#1133,#1130,#1333,.T.);
#830=EDGE_CURVE('',#1134,#1135,#1334,.T.);
#831=EDGE_CURVE('',#1135,#1136,#1335,.T.);
#832=EDGE_CURVE('',#1136,#1137,#1336,.T.);
#833=EDGE_CURVE('',#1137,#1134,#1337,.T.);
#834=EDGE_CURVE('',#1138,#1139,#1338,.T.);
#835=EDGE_CURVE('',#1139,#1140,#1339,.T.);
#836=EDGE_CURVE('',#1140,#1141,#1340,.T.);
#837=EDGE_CURVE('',#1141,#1138,#1341,.T.);
#838=EDGE_CURVE('',#1142,#1143,#1342,.T.);
#839=EDGE_CURVE('',#1144,#1142,#1343,.T.);
#840=EDGE_CURVE('',#1145,#1144,#1344,.T.);
#841=EDGE_CURVE('',#1143,#1145,#1345,.T.);
#842=EDGE_CURVE('',#1146,#1147,#1346,.T.);
#843=EDGE_CURVE('',#1148,#1146,#1347,.T.);
#844=EDGE_CURVE('',#1149,#1148,#1348,.T.);
#845=EDGE_CURVE('',#1147,#1149,#1349,.T.);
#846=EDGE_CURVE('',#1150,#1151,#1350,.T.);
#847=EDGE_CURVE('',#1152,#1150,#1351,.T.);
#848=EDGE_CURVE('',#1153,#1152,#1352,.T.);
#849=EDGE_CURVE('',#1151,#1153,#1353,.T.);
#850=EDGE_CURVE('',#1154,#1155,#1354,.T.);
#851=EDGE_CURVE('',#1156,#1154,#1355,.T.);
#852=EDGE_CURVE('',#1157,#1156,#1356,.T.);
#853=EDGE_CURVE('',#1155,#1157,#1357,.T.);
#854=EDGE_CURVE('',#1158,#1159,#1358,.T.);
#855=EDGE_CURVE('',#1160,#1158,#1359,.T.);
#856=EDGE_CURVE('',#1161,#1160,#1360,.T.);
#857=EDGE_CURVE('',#1159,#1161,#1361,.T.);
#858=EDGE_CURVE('',#1088,#1001,#1362,.T.);
#859=EDGE_CURVE('',#1089,#1000,#1363,.T.);
#860=EDGE_CURVE('',#1073,#1016,#1364,.T.);
#861=EDGE_CURVE('',#1072,#1017,#1365,.T.);
#862=EDGE_CURVE('',#1070,#1123,#1366,.T.);
#863=EDGE_CURVE('',#1122,#1018,#1367,.T.);
#864=EDGE_CURVE('',#1124,#1071,#1368,.T.);
#865=EDGE_CURVE('',#1101,#1020,#1369,.T.);
#866=EDGE_CURVE('',#1125,#1019,#1370,.T.);
#867=EDGE_CURVE('',#1100,#1127,#1371,.T.);
#868=EDGE_CURVE('',#1021,#1126,#1372,.T.);
#869=EDGE_CURVE('',#1128,#1099,#1373,.T.);
#870=EDGE_CURVE('',#1098,#1023,#1374,.T.);
#871=EDGE_CURVE('',#1129,#1022,#1375,.T.);
#872=EDGE_CURVE('',#1097,#1131,#1376,.T.);
#873=EDGE_CURVE('',#1024,#1130,#1377,.T.);
#874=EDGE_CURVE('',#1132,#1096,#1378,.T.);
#875=EDGE_CURVE('',#1095,#1026,#1379,.T.);
#876=EDGE_CURVE('',#1133,#1025,#1380,.T.);
#877=EDGE_CURVE('',#1094,#1135,#1381,.T.);
#878=EDGE_CURVE('',#1027,#1134,#1382,.T.);
#879=EDGE_CURVE('',#1136,#1093,#1383,.T.);
#880=EDGE_CURVE('',#1092,#1029,#1384,.T.);
#881=EDGE_CURVE('',#1137,#1028,#1385,.T.);
#882=EDGE_CURVE('',#1091,#1139,#1386,.T.);
#883=EDGE_CURVE('',#999,#1138,#1387,.T.);
#884=EDGE_CURVE('',#1140,#1090,#1388,.T.);
#885=EDGE_CURVE('',#1141,#998,#1389,.T.);
#886=EDGE_CURVE('',#1160,#1074,#1390,.T.);
#887=EDGE_CURVE('',#1161,#1015,#1391,.T.);
#888=EDGE_CURVE('',#1076,#1013,#1392,.T.);
#889=EDGE_CURVE('',#1075,#1158,#1393,.T.);
#890=EDGE_CURVE('',#1159,#1014,#1394,.T.);
#891=EDGE_CURVE('',#1156,#1077,#1395,.T.);
#892=EDGE_CURVE('',#1012,#1157,#1396,.T.);
#893=EDGE_CURVE('',#1079,#1010,#1397,.T.);
#894=EDGE_CURVE('',#1078,#1154,#1398,.T.);
#895=EDGE_CURVE('',#1155,#1011,#1399,.T.);
#896=EDGE_CURVE('',#1152,#1080,#1400,.T.);
#897=EDGE_CURVE('',#1009,#1153,#1401,.T.);
#898=EDGE_CURVE('',#1082,#1007,#1402,.T.);
#899=EDGE_CURVE('',#1081,#1150,#1403,.T.);
#900=EDGE_CURVE('',#1151,#1008,#1404,.T.);
#901=EDGE_CURVE('',#1148,#1083,#1405,.T.);
#902=EDGE_CURVE('',#1006,#1149,#1406,.T.);
#903=EDGE_CURVE('',#1085,#1004,#1407,.T.);
#904=EDGE_CURVE('',#1084,#1146,#1408,.T.);
#905=EDGE_CURVE('',#1147,#1005,#1409,.T.);
#906=EDGE_CURVE('',#1144,#1086,#1410,.T.);
#907=EDGE_CURVE('',#1003,#1145,#1411,.T.);
#908=EDGE_CURVE('',#1087,#1142,#1412,.T.);
#909=EDGE_CURVE('',#1143,#1002,#1413,.T.);
#910=EDGE_CURVE('',#1067,#996,#1414,.T.);
#911=EDGE_CURVE('',#1068,#995,#1415,.T.);
#912=EDGE_CURVE('',#1066,#997,#1416,.T.);
#913=EDGE_CURVE('',#1069,#994,#1417,.T.);
#914=EDGE_CURVE('',#1103,#1032,#1418,.T.);
#915=EDGE_CURVE('',#1104,#1031,#1419,.T.);
#916=EDGE_CURVE('',#1102,#1033,#1420,.T.);
#917=EDGE_CURVE('',#1105,#1030,#1421,.T.);
#918=EDGE_CURVE('',#1063,#992,#1422,.T.);
#919=EDGE_CURVE('',#1064,#991,#1423,.T.);
#920=EDGE_CURVE('',#1062,#993,#1424,.T.);
#921=EDGE_CURVE('',#1065,#990,#1425,.T.);
#922=EDGE_CURVE('',#1107,#1036,#1426,.T.);
#923=EDGE_CURVE('',#1108,#1035,#1427,.T.);
#924=EDGE_CURVE('',#1106,#1037,#1428,.T.);
#925=EDGE_CURVE('',#1109,#1034,#1429,.T.);
#926=EDGE_CURVE('',#1059,#988,#1430,.T.);
#927=EDGE_CURVE('',#1060,#987,#1431,.T.);
#928=EDGE_CURVE('',#1058,#989,#1432,.T.);
#929=EDGE_CURVE('',#1061,#986,#1433,.T.);
#930=EDGE_CURVE('',#1111,#1040,#1434,.T.);
#931=EDGE_CURVE('',#1112,#1039,#1435,.T.);
#932=EDGE_CURVE('',#1110,#1041,#1436,.T.);
#933=EDGE_CURVE('',#1113,#1038,#1437,.T.);
#934=EDGE_CURVE('',#1055,#984,#1438,.T.);
#935=EDGE_CURVE('',#1056,#983,#1439,.T.);
#936=EDGE_CURVE('',#1054,#985,#1440,.T.);
#937=EDGE_CURVE('',#1057,#982,#1441,.T.);
#938=EDGE_CURVE('',#1115,#1044,#1442,.T.);
#939=EDGE_CURVE('',#1116,#1043,#1443,.T.);
#940=EDGE_CURVE('',#1114,#1045,#1444,.T.);
#941=EDGE_CURVE('',#1117,#1042,#1445,.T.);
#942=EDGE_CURVE('',#1051,#980,#1446,.T.);
#943=EDGE_CURVE('',#1052,#979,#1447,.T.);
#944=EDGE_CURVE('',#1050,#981,#1448,.T.);
#945=EDGE_CURVE('',#1053,#978,#1449,.T.);
#946=EDGE_CURVE('',#1119,#1048,#1450,.T.);
#947=EDGE_CURVE('',#1120,#1047,#1451,.T.);
#948=EDGE_CURVE('',#1118,#1049,#1452,.T.);
#949=EDGE_CURVE('',#1121,#1046,#1453,.T.);
#950=EDGE_CURVE('',#1162,#1163,#1454,.T.);
#951=EDGE_CURVE('',#1163,#1164,#1455,.T.);
#952=EDGE_CURVE('',#1164,#1165,#1456,.T.);
#953=EDGE_CURVE('',#1165,#1162,#1457,.T.);
#954=EDGE_CURVE('',#1166,#1167,#1458,.T.);
#955=EDGE_CURVE('',#1167,#1168,#1459,.T.);
#956=EDGE_CURVE('',#1169,#1168,#1460,.T.);
#957=EDGE_CURVE('',#1169,#1166,#1461,.T.);
#958=EDGE_CURVE('',#1170,#1171,#1462,.T.);
#959=EDGE_CURVE('',#1171,#1172,#1463,.T.);
#960=EDGE_CURVE('',#1172,#1173,#1464,.T.);
#961=EDGE_CURVE('',#1173,#1170,#1465,.T.);
#962=EDGE_CURVE('',#1174,#1175,#1466,.T.);
#963=EDGE_CURVE('',#1174,#1176,#1467,.T.);
#964=EDGE_CURVE('',#1176,#1177,#1468,.T.);
#965=EDGE_CURVE('',#1177,#1175,#1469,.T.);
#966=EDGE_CURVE('',#1168,#1174,#1470,.T.);
#967=EDGE_CURVE('',#1175,#1169,#1471,.T.);
#968=EDGE_CURVE('',#1176,#1167,#1472,.T.);
#969=EDGE_CURVE('',#1166,#1177,#1473,.T.);
#970=EDGE_CURVE('',#1170,#1176,#1474,.T.);
#971=EDGE_CURVE('',#1167,#1173,#1475,.F.);
#972=EDGE_CURVE('',#1168,#1172,#1476,.T.);
#973=EDGE_CURVE('',#1171,#1174,#1477,.T.);
#974=EDGE_CURVE('',#1169,#1165,#1478,.T.);
#975=EDGE_CURVE('',#1162,#1175,#1479,.F.);
#976=EDGE_CURVE('',#1163,#1177,#1480,.F.);
#977=EDGE_CURVE('',#1166,#1164,#1481,.F.);
#978=VERTEX_POINT('',#2951);
#979=VERTEX_POINT('',#2952);
#980=VERTEX_POINT('',#2954);
#981=VERTEX_POINT('',#2956);
#982=VERTEX_POINT('',#2959);
#983=VERTEX_POINT('',#2960);
#984=VERTEX_POINT('',#2962);
#985=VERTEX_POINT('',#2964);
#986=VERTEX_POINT('',#2967);
#987=VERTEX_POINT('',#2968);
#988=VERTEX_POINT('',#2970);
#989=VERTEX_POINT('',#2972);
#990=VERTEX_POINT('',#2975);
#991=VERTEX_POINT('',#2976);
#992=VERTEX_POINT('',#2978);
#993=VERTEX_POINT('',#2980);
#994=VERTEX_POINT('',#2983);
#995=VERTEX_POINT('',#2984);
#996=VERTEX_POINT('',#2986);
#997=VERTEX_POINT('',#2988);
#998=VERTEX_POINT('',#2991);
#999=VERTEX_POINT('',#2992);
#1000=VERTEX_POINT('',#2994);
#1001=VERTEX_POINT('',#2996);
#1002=VERTEX_POINT('',#2998);
#1003=VERTEX_POINT('',#3000);
#1004=VERTEX_POINT('',#3002);
#1005=VERTEX_POINT('',#3004);
#1006=VERTEX_POINT('',#3006);
#1007=VERTEX_POINT('',#3008);
#1008=VERTEX_POINT('',#3010);
#1009=VERTEX_POINT('',#3012);
#1010=VERTEX_POINT('',#3014);
#1011=VERTEX_POINT('',#3016);
#1012=VERTEX_POINT('',#3018);
#1013=VERTEX_POINT('',#3020);
#1014=VERTEX_POINT('',#3022);
#1015=VERTEX_POINT('',#3024);
#1016=VERTEX_POINT('',#3026);
#1017=VERTEX_POINT('',#3028);
#1018=VERTEX_POINT('',#3030);
#1019=VERTEX_POINT('',#3032);
#1020=VERTEX_POINT('',#3034);
#1021=VERTEX_POINT('',#3036);
#1022=VERTEX_POINT('',#3038);
#1023=VERTEX_POINT('',#3040);
#1024=VERTEX_POINT('',#3042);
#1025=VERTEX_POINT('',#3044);
#1026=VERTEX_POINT('',#3046);
#1027=VERTEX_POINT('',#3048);
#1028=VERTEX_POINT('',#3050);
#1029=VERTEX_POINT('',#3052);
#1030=VERTEX_POINT('',#3055);
#1031=VERTEX_POINT('',#3056);
#1032=VERTEX_POINT('',#3058);
#1033=VERTEX_POINT('',#3060);
#1034=VERTEX_POINT('',#3063);
#1035=VERTEX_POINT('',#3064);
#1036=VERTEX_POINT('',#3066);
#1037=VERTEX_POINT('',#3068);
#1038=VERTEX_POINT('',#3071);
#1039=VERTEX_POINT('',#3072);
#1040=VERTEX_POINT('',#3074);
#1041=VERTEX_POINT('',#3076);
#1042=VERTEX_POINT('',#3079);
#1043=VERTEX_POINT('',#3080);
#1044=VERTEX_POINT('',#3082);
#1045=VERTEX_POINT('',#3084);
#1046=VERTEX_POINT('',#3087);
#1047=VERTEX_POINT('',#3088);
#1048=VERTEX_POINT('',#3090);
#1049=VERTEX_POINT('',#3092);
#1050=VERTEX_POINT('',#3096);
#1051=VERTEX_POINT('',#3097);
#1052=VERTEX_POINT('',#3099);
#1053=VERTEX_POINT('',#3101);
#1054=VERTEX_POINT('',#3104);
#1055=VERTEX_POINT('',#3105);
#1056=VERTEX_POINT('',#3107);
#1057=VERTEX_POINT('',#3109);
#1058=VERTEX_POINT('',#3112);
#1059=VERTEX_POINT('',#3113);
#1060=VERTEX_POINT('',#3115);
#1061=VERTEX_POINT('',#3117);
#1062=VERTEX_POINT('',#3120);
#1063=VERTEX_POINT('',#3121);
#1064=VERTEX_POINT('',#3123);
#1065=VERTEX_POINT('',#3125);
#1066=VERTEX_POINT('',#3128);
#1067=VERTEX_POINT('',#3129);
#1068=VERTEX_POINT('',#3131);
#1069=VERTEX_POINT('',#3133);
#1070=VERTEX_POINT('',#3136);
#1071=VERTEX_POINT('',#3137);
#1072=VERTEX_POINT('',#3139);
#1073=VERTEX_POINT('',#3141);
#1074=VERTEX_POINT('',#3143);
#1075=VERTEX_POINT('',#3145);
#1076=VERTEX_POINT('',#3147);
#1077=VERTEX_POINT('',#3149);
#1078=VERTEX_POINT('',#3151);
#1079=VERTEX_POINT('',#3153);
#1080=VERTEX_POINT('',#3155);
#1081=VERTEX_POINT('',#3157);
#1082=VERTEX_POINT('',#3159);
#1083=VERTEX_POINT('',#3161);
#1084=VERTEX_POINT('',#3163);
#1085=VERTEX_POINT('',#3165);
#1086=VERTEX_POINT('',#3167);
#1087=VERTEX_POINT('',#3169);
#1088=VERTEX_POINT('',#3171);
#1089=VERTEX_POINT('',#3173);
#1090=VERTEX_POINT('',#3175);
#1091=VERTEX_POINT('',#3177);
#1092=VERTEX_POINT('',#3179);
#1093=VERTEX_POINT('',#3181);
#1094=VERTEX_POINT('',#3183);
#1095=VERTEX_POINT('',#3185);
#1096=VERTEX_POINT('',#3187);
#1097=VERTEX_POINT('',#3189);
#1098=VERTEX_POINT('',#3191);
#1099=VERTEX_POINT('',#3193);
#1100=VERTEX_POINT('',#3195);
#1101=VERTEX_POINT('',#3197);
#1102=VERTEX_POINT('',#3200);
#1103=VERTEX_POINT('',#3201);
#1104=VERTEX_POINT('',#3203);
#1105=VERTEX_POINT('',#3205);
#1106=VERTEX_POINT('',#3208);
#1107=VERTEX_POINT('',#3209);
#1108=VERTEX_POINT('',#3211);
#1109=VERTEX_POINT('',#3213);
#1110=VERTEX_POINT('',#3216);
#1111=VERTEX_POINT('',#3217);
#1112=VERTEX_POINT('',#3219);
#1113=VERTEX_POINT('',#3221);
#1114=VERTEX_POINT('',#3224);
#1115=VERTEX_POINT('',#3225);
#1116=VERTEX_POINT('',#3227);
#1117=VERTEX_POINT('',#3229);
#1118=VERTEX_POINT('',#3232);
#1119=VERTEX_POINT('',#3233);
#1120=VERTEX_POINT('',#3235);
#1121=VERTEX_POINT('',#3237);
#1122=VERTEX_POINT('',#3241);
#1123=VERTEX_POINT('',#3242);
#1124=VERTEX_POINT('',#3244);
#1125=VERTEX_POINT('',#3246);
#1126=VERTEX_POINT('',#3250);
#1127=VERTEX_POINT('',#3251);
#1128=VERTEX_POINT('',#3253);
#1129=VERTEX_POINT('',#3255);
#1130=VERTEX_POINT('',#3259);
#1131=VERTEX_POINT('',#3260);
#1132=VERTEX_POINT('',#3262);
#1133=VERTEX_POINT('',#3264);
#1134=VERTEX_POINT('',#3268);
#1135=VERTEX_POINT('',#3269);
#1136=VERTEX_POINT('',#3271);
#1137=VERTEX_POINT('',#3273);
#1138=VERTEX_POINT('',#3277);
#1139=VERTEX_POINT('',#3278);
#1140=VERTEX_POINT('',#3280);
#1141=VERTEX_POINT('',#3282);
#1142=VERTEX_POINT('',#3286);
#1143=VERTEX_POINT('',#3287);
#1144=VERTEX_POINT('',#3289);
#1145=VERTEX_POINT('',#3291);
#1146=VERTEX_POINT('',#3295);
#1147=VERTEX_POINT('',#3296);
#1148=VERTEX_POINT('',#3298);
#1149=VERTEX_POINT('',#3300);
#1150=VERTEX_POINT('',#3304);
#1151=VERTEX_POINT('',#3305);
#1152=VERTEX_POINT('',#3307);
#1153=VERTEX_POINT('',#3309);
#1154=VERTEX_POINT('',#3313);
#1155=VERTEX_POINT('',#3314);
#1156=VERTEX_POINT('',#3316);
#1157=VERTEX_POINT('',#3318);
#1158=VERTEX_POINT('',#3322);
#1159=VERTEX_POINT('',#3323);
#1160=VERTEX_POINT('',#3325);
#1161=VERTEX_POINT('',#3327);
#1162=VERTEX_POINT('',#3506);
#1163=VERTEX_POINT('',#3507);
#1164=VERTEX_POINT('',#3509);
#1165=VERTEX_POINT('',#3511);
#1166=VERTEX_POINT('',#3515);
#1167=VERTEX_POINT('',#3516);
#1168=VERTEX_POINT('',#3518);
#1169=VERTEX_POINT('',#3520);
#1170=VERTEX_POINT('',#3524);
#1171=VERTEX_POINT('',#3525);
#1172=VERTEX_POINT('',#3527);
#1173=VERTEX_POINT('',#3529);
#1174=VERTEX_POINT('',#3533);
#1175=VERTEX_POINT('',#3534);
#1176=VERTEX_POINT('',#3536);
#1177=VERTEX_POINT('',#3538);
#1178=LINE('',#2950,#1482);
#1179=LINE('',#2953,#1483);
#1180=LINE('',#2955,#1484);
#1181=LINE('',#2957,#1485);
#1182=LINE('',#2958,#1486);
#1183=LINE('',#2961,#1487);
#1184=LINE('',#2963,#1488);
#1185=LINE('',#2965,#1489);
#1186=LINE('',#2966,#1490);
#1187=LINE('',#2969,#1491);
#1188=LINE('',#2971,#1492);
#1189=LINE('',#2973,#1493);
#1190=LINE('',#2974,#1494);
#1191=LINE('',#2977,#1495);
#1192=LINE('',#2979,#1496);
#1193=LINE('',#2981,#1497);
#1194=LINE('',#2982,#1498);
#1195=LINE('',#2985,#1499);
#1196=LINE('',#2987,#1500);
#1197=LINE('',#2989,#1501);
#1198=LINE('',#2990,#1502);
#1199=LINE('',#2993,#1503);
#1200=LINE('',#2995,#1504);
#1201=LINE('',#2997,#1505);
#1202=LINE('',#2999,#1506);
#1203=LINE('',#3001,#1507);
#1204=LINE('',#3003,#1508);
#1205=LINE('',#3005,#1509);
#1206=LINE('',#3007,#1510);
#1207=LINE('',#3009,#1511);
#1208=LINE('',#3011,#1512);
#1209=LINE('',#3013,#1513);
#1210=LINE('',#3015,#1514);
#1211=LINE('',#3017,#1515);
#1212=LINE('',#3019,#1516);
#1213=LINE('',#3021,#1517);
#1214=LINE('',#3023,#1518);
#1215=LINE('',#3025,#1519);
#1216=LINE('',#3027,#1520);
#1217=LINE('',#3029,#1521);
#1218=LINE('',#3031,#1522);
#1219=LINE('',#3033,#1523);
#1220=LINE('',#3035,#1524);
#1221=LINE('',#3037,#1525);
#1222=LINE('',#3039,#1526);
#1223=LINE('',#3041,#1527);
#1224=LINE('',#3043,#1528);
#1225=LINE('',#3045,#1529);
#1226=LINE('',#3047,#1530);
#1227=LINE('',#3049,#1531);
#1228=LINE('',#3051,#1532);
#1229=LINE('',#3053,#1533);
#1230=LINE('',#3054,#1534);
#1231=LINE('',#3057,#1535);
#1232=LINE('',#3059,#1536);
#1233=LINE('',#3061,#1537);
#1234=LINE('',#3062,#1538);
#1235=LINE('',#3065,#1539);
#1236=LINE('',#3067,#1540);
#1237=LINE('',#3069,#1541);
#1238=LINE('',#3070,#1542);
#1239=LINE('',#3073,#1543);
#1240=LINE('',#3075,#1544);
#1241=LINE('',#3077,#1545);
#1242=LINE('',#3078,#1546);
#1243=LINE('',#3081,#1547);
#1244=LINE('',#3083,#1548);
#1245=LINE('',#3085,#1549);
#1246=LINE('',#3086,#1550);
#1247=LINE('',#3089,#1551);
#1248=LINE('',#3091,#1552);
#1249=LINE('',#3093,#1553);
#1250=LINE('',#3095,#1554);
#1251=LINE('',#3098,#1555);
#1252=LINE('',#3100,#1556);
#1253=LINE('',#3102,#1557);
#1254=LINE('',#3103,#1558);
#1255=LINE('',#3106,#1559);
#1256=LINE('',#3108,#1560);
#1257=LINE('',#3110,#1561);
#1258=LINE('',#3111,#1562);
#1259=LINE('',#3114,#1563);
#1260=LINE('',#3116,#1564);
#1261=LINE('',#3118,#1565);
#1262=LINE('',#3119,#1566);
#1263=LINE('',#3122,#1567);
#1264=LINE('',#3124,#1568);
#1265=LINE('',#3126,#1569);
#1266=LINE('',#3127,#1570);
#1267=LINE('',#3130,#1571);
#1268=LINE('',#3132,#1572);
#1269=LINE('',#3134,#1573);
#1270=LINE('',#3135,#1574);
#1271=LINE('',#3138,#1575);
#1272=LINE('',#3140,#1576);
#1273=LINE('',#3142,#1577);
#1274=LINE('',#3144,#1578);
#1275=LINE('',#3146,#1579);
#1276=LINE('',#3148,#1580);
#1277=LINE('',#3150,#1581);
#1278=LINE('',#3152,#1582);
#1279=LINE('',#3154,#1583);
#1280=LINE('',#3156,#1584);
#1281=LINE('',#3158,#1585);
#1282=LINE('',#3160,#1586);
#1283=LINE('',#3162,#1587);
#1284=LINE('',#3164,#1588);
#1285=LINE('',#3166,#1589);
#1286=LINE('',#3168,#1590);
#1287=LINE('',#3170,#1591);
#1288=LINE('',#3172,#1592);
#1289=LINE('',#3174,#1593);
#1290=LINE('',#3176,#1594);
#1291=LINE('',#3178,#1595);
#1292=LINE('',#3180,#1596);
#1293=LINE('',#3182,#1597);
#1294=LINE('',#3184,#1598);
#1295=LINE('',#3186,#1599);
#1296=LINE('',#3188,#1600);
#1297=LINE('',#3190,#1601);
#1298=LINE('',#3192,#1602);
#1299=LINE('',#3194,#1603);
#1300=LINE('',#3196,#1604);
#1301=LINE('',#3198,#1605);
#1302=LINE('',#3199,#1606);
#1303=LINE('',#3202,#1607);
#1304=LINE('',#3204,#1608);
#1305=LINE('',#3206,#1609);
#1306=LINE('',#3207,#1610);
#1307=LINE('',#3210,#1611);
#1308=LINE('',#3212,#1612);
#1309=LINE('',#3214,#1613);
#1310=LINE('',#3215,#1614);
#1311=LINE('',#3218,#1615);
#1312=LINE('',#3220,#1616);
#1313=LINE('',#3222,#1617);
#1314=LINE('',#3223,#1618);
#1315=LINE('',#3226,#1619);
#1316=LINE('',#3228,#1620);
#1317=LINE('',#3230,#1621);
#1318=LINE('',#3231,#1622);
#1319=LINE('',#3234,#1623);
#1320=LINE('',#3236,#1624);
#1321=LINE('',#3238,#1625);
#1322=LINE('',#3240,#1626);
#1323=LINE('',#3243,#1627);
#1324=LINE('',#3245,#1628);
#1325=LINE('',#3247,#1629);
#1326=LINE('',#3249,#1630);
#1327=LINE('',#3252,#1631);
#1328=LINE('',#3254,#1632);
#1329=LINE('',#3256,#1633);
#1330=LINE('',#3258,#1634);
#1331=LINE('',#3261,#1635);
#1332=LINE('',#3263,#1636);
#1333=LINE('',#3265,#1637);
#1334=LINE('',#3267,#1638);
#1335=LINE('',#3270,#1639);
#1336=LINE('',#3272,#1640);
#1337=LINE('',#3274,#1641);
#1338=LINE('',#3276,#1642);
#1339=LINE('',#3279,#1643);
#1340=LINE('',#3281,#1644);
#1341=LINE('',#3283,#1645);
#1342=LINE('',#3285,#1646);
#1343=LINE('',#3288,#1647);
#1344=LINE('',#3290,#1648);
#1345=LINE('',#3292,#1649);
#1346=LINE('',#3294,#1650);
#1347=LINE('',#3297,#1651);
#1348=LINE('',#3299,#1652);
#1349=LINE('',#3301,#1653);
#1350=LINE('',#3303,#1654);
#1351=LINE('',#3306,#1655);
#1352=LINE('',#3308,#1656);
#1353=LINE('',#3310,#1657);
#1354=LINE('',#3312,#1658);
#1355=LINE('',#3315,#1659);
#1356=LINE('',#3317,#1660);
#1357=LINE('',#3319,#1661);
#1358=LINE('',#3321,#1662);
#1359=LINE('',#3324,#1663);
#1360=LINE('',#3326,#1664);
#1361=LINE('',#3328,#1665);
#1362=LINE('',#3330,#1666);
#1363=LINE('',#3331,#1667);
#1364=LINE('',#3333,#1668);
#1365=LINE('',#3334,#1669);
#1366=LINE('',#3336,#1670);
#1367=LINE('',#3337,#1671);
#1368=LINE('',#3339,#1672);
#1369=LINE('',#3340,#1673);
#1370=LINE('',#3341,#1674);
#1371=LINE('',#3343,#1675);
#1372=LINE('',#3344,#1676);
#1373=LINE('',#3346,#1677);
#1374=LINE('',#3347,#1678);
#1375=LINE('',#3348,#1679);
#1376=LINE('',#3350,#1680);
#1377=LINE('',#3351,#1681);
#1378=LINE('',#3353,#1682);
#1379=LINE('',#3354,#1683);
#1380=LINE('',#3355,#1684);
#1381=LINE('',#3357,#1685);
#1382=LINE('',#3358,#1686);
#1383=LINE('',#3360,#1687);
#1384=LINE('',#3361,#1688);
#1385=LINE('',#3362,#1689);
#1386=LINE('',#3364,#1690);
#1387=LINE('',#3365,#1691);
#1388=LINE('',#3367,#1692);
#1389=LINE('',#3368,#1693);
#1390=LINE('',#3370,#1694);
#1391=LINE('',#3371,#1695);
#1392=LINE('',#3373,#1696);
#1393=LINE('',#3374,#1697);
#1394=LINE('',#3375,#1698);
#1395=LINE('',#3377,#1699);
#1396=LINE('',#3378,#1700);
#1397=LINE('',#3380,#1701);
#1398=LINE('',#3381,#1702);
#1399=LINE('',#3382,#1703);
#1400=LINE('',#3384,#1704);
#1401=LINE('',#3385,#1705);
#1402=LINE('',#3387,#1706);
#1403=LINE('',#3388,#1707);
#1404=LINE('',#3389,#1708);
#1405=LINE('',#3391,#1709);
#1406=LINE('',#3392,#1710);
#1407=LINE('',#3394,#1711);
#1408=LINE('',#3395,#1712);
#1409=LINE('',#3396,#1713);
#1410=LINE('',#3398,#1714);
#1411=LINE('',#3399,#1715);
#1412=LINE('',#3401,#1716);
#1413=LINE('',#3402,#1717);
#1414=LINE('',#3424,#1718);
#1415=LINE('',#3425,#1719);
#1416=LINE('',#3427,#1720);
#1417=LINE('',#3429,#1721);
#1418=LINE('',#3432,#1722);
#1419=LINE('',#3433,#1723);
#1420=LINE('',#3435,#1724);
#1421=LINE('',#3437,#1725);
#1422=LINE('',#3440,#1726);
#1423=LINE('',#3441,#1727);
#1424=LINE('',#3443,#1728);
#1425=LINE('',#3445,#1729);
#1426=LINE('',#3448,#1730);
#1427=LINE('',#3449,#1731);
#1428=LINE('',#3451,#1732);
#1429=LINE('',#3453,#1733);
#1430=LINE('',#3456,#1734);
#1431=LINE('',#3457,#1735);
#1432=LINE('',#3459,#1736);
#1433=LINE('',#3461,#1737);
#1434=LINE('',#3464,#1738);
#1435=LINE('',#3465,#1739);
#1436=LINE('',#3467,#1740);
#1437=LINE('',#3469,#1741);
#1438=LINE('',#3472,#1742);
#1439=LINE('',#3473,#1743);
#1440=LINE('',#3475,#1744);
#1441=LINE('',#3477,#1745);
#1442=LINE('',#3480,#1746);
#1443=LINE('',#3481,#1747);
#1444=LINE('',#3483,#1748);
#1445=LINE('',#3485,#1749);
#1446=LINE('',#3488,#1750);
#1447=LINE('',#3489,#1751);
#1448=LINE('',#3491,#1752);
#1449=LINE('',#3493,#1753);
#1450=LINE('',#3496,#1754);
#1451=LINE('',#3497,#1755);
#1452=LINE('',#3499,#1756);
#1453=LINE('',#3501,#1757);
#1454=LINE('',#3505,#1758);
#1455=LINE('',#3508,#1759);
#1456=LINE('',#3510,#1760);
#1457=LINE('',#3512,#1761);
#1458=LINE('',#3514,#1762);
#1459=LINE('',#3517,#1763);
#1460=LINE('',#3519,#1764);
#1461=LINE('',#3521,#1765);
#1462=LINE('',#3523,#1766);
#1463=LINE('',#3526,#1767);
#1464=LINE('',#3528,#1768);
#1465=LINE('',#3530,#1769);
#1466=LINE('',#3532,#1770);
#1467=LINE('',#3535,#1771);
#1468=LINE('',#3537,#1772);
#1469=LINE('',#3539,#1773);
#1470=LINE('',#3541,#1774);
#1471=LINE('',#3542,#1775);
#1472=LINE('',#3544,#1776);
#1473=LINE('',#3545,#1777);
#1474=LINE('',#3547,#1778);
#1475=LINE('',#3548,#1779);
#1476=LINE('',#3550,#1780);
#1477=LINE('',#3552,#1781);
#1478=LINE('',#3555,#1782);
#1479=LINE('',#3556,#1783);
#1480=LINE('',#3558,#1784);
#1481=LINE('',#3560,#1785);
#1482=VECTOR('',#2408,1000.);
#1483=VECTOR('',#2409,1000.);
#1484=VECTOR('',#2410,1000.);
#1485=VECTOR('',#2411,1000.);
#1486=VECTOR('',#2412,1000.);
#1487=VECTOR('',#2413,1000.);
#1488=VECTOR('',#2414,1000.);
#1489=VECTOR('',#2415,1000.);
#1490=VECTOR('',#2416,1000.);
#1491=VECTOR('',#2417,1000.);
#1492=VECTOR('',#2418,1000.);
#1493=VECTOR('',#2419,1000.);
#1494=VECTOR('',#2420,1000.);
#1495=VECTOR('',#2421,1000.);
#1496=VECTOR('',#2422,1000.);
#1497=VECTOR('',#2423,1000.);
#1498=VECTOR('',#2424,1000.);
#1499=VECTOR('',#2425,1000.);
#1500=VECTOR('',#2426,1000.);
#1501=VECTOR('',#2427,1000.);
#1502=VECTOR('',#2428,1000.);
#1503=VECTOR('',#2429,1000.);
#1504=VECTOR('',#2430,1000.);
#1505=VECTOR('',#2431,1000.);
#1506=VECTOR('',#2432,1000.);
#1507=VECTOR('',#2433,1000.);
#1508=VECTOR('',#2434,1000.);
#1509=VECTOR('',#2435,1000.);
#1510=VECTOR('',#2436,1000.);
#1511=VECTOR('',#2437,1000.);
#1512=VECTOR('',#2438,1000.);
#1513=VECTOR('',#2439,1000.);
#1514=VECTOR('',#2440,1000.);
#1515=VECTOR('',#2441,1000.);
#1516=VECTOR('',#2442,1000.);
#1517=VECTOR('',#2443,1000.);
#1518=VECTOR('',#2444,1000.);
#1519=VECTOR('',#2445,1000.);
#1520=VECTOR('',#2446,1000.);
#1521=VECTOR('',#2447,1000.);
#1522=VECTOR('',#2448,1000.);
#1523=VECTOR('',#2449,1000.);
#1524=VECTOR('',#2450,1000.);
#1525=VECTOR('',#2451,1000.);
#1526=VECTOR('',#2452,1000.);
#1527=VECTOR('',#2453,1000.);
#1528=VECTOR('',#2454,1000.);
#1529=VECTOR('',#2455,1000.);
#1530=VECTOR('',#2456,1000.);
#1531=VECTOR('',#2457,1000.);
#1532=VECTOR('',#2458,1000.);
#1533=VECTOR('',#2459,1000.);
#1534=VECTOR('',#2460,1000.);
#1535=VECTOR('',#2461,1000.);
#1536=VECTOR('',#2462,1000.);
#1537=VECTOR('',#2463,1000.);
#1538=VECTOR('',#2464,1000.);
#1539=VECTOR('',#2465,1000.);
#1540=VECTOR('',#2466,1000.);
#1541=VECTOR('',#2467,1000.);
#1542=VECTOR('',#2468,1000.);
#1543=VECTOR('',#2469,1000.);
#1544=VECTOR('',#2470,1000.);
#1545=VECTOR('',#2471,1000.);
#1546=VECTOR('',#2472,1000.);
#1547=VECTOR('',#2473,1000.);
#1548=VECTOR('',#2474,1000.);
#1549=VECTOR('',#2475,1000.);
#1550=VECTOR('',#2476,1000.);
#1551=VECTOR('',#2477,1000.);
#1552=VECTOR('',#2478,1000.);
#1553=VECTOR('',#2479,1000.);
#1554=VECTOR('',#2482,1000.);
#1555=VECTOR('',#2483,1000.);
#1556=VECTOR('',#2484,1000.);
#1557=VECTOR('',#2485,1000.);
#1558=VECTOR('',#2486,1000.);
#1559=VECTOR('',#2487,1000.);
#1560=VECTOR('',#2488,1000.);
#1561=VECTOR('',#2489,1000.);
#1562=VECTOR('',#2490,1000.);
#1563=VECTOR('',#2491,1000.);
#1564=VECTOR('',#2492,1000.);
#1565=VECTOR('',#2493,1000.);
#1566=VECTOR('',#2494,1000.);
#1567=VECTOR('',#2495,1000.);
#1568=VECTOR('',#2496,1000.);
#1569=VECTOR('',#2497,1000.);
#1570=VECTOR('',#2498,1000.);
#1571=VECTOR('',#2499,1000.);
#1572=VECTOR('',#2500,1000.);
#1573=VECTOR('',#2501,1000.);
#1574=VECTOR('',#2502,1000.);
#1575=VECTOR('',#2503,1000.);
#1576=VECTOR('',#2504,1000.);
#1577=VECTOR('',#2505,1000.);
#1578=VECTOR('',#2506,1000.);
#1579=VECTOR('',#2507,1000.);
#1580=VECTOR('',#2508,1000.);
#1581=VECTOR('',#2509,1000.);
#1582=VECTOR('',#2510,1000.);
#1583=VECTOR('',#2511,1000.);
#1584=VECTOR('',#2512,1000.);
#1585=VECTOR('',#2513,1000.);
#1586=VECTOR('',#2514,1000.);
#1587=VECTOR('',#2515,1000.);
#1588=VECTOR('',#2516,1000.);
#1589=VECTOR('',#2517,1000.);
#1590=VECTOR('',#2518,1000.);
#1591=VECTOR('',#2519,1000.);
#1592=VECTOR('',#2520,1000.);
#1593=VECTOR('',#2521,1000.);
#1594=VECTOR('',#2522,1000.);
#1595=VECTOR('',#2523,1000.);
#1596=VECTOR('',#2524,1000.);
#1597=VECTOR('',#2525,1000.);
#1598=VECTOR('',#2526,1000.);
#1599=VECTOR('',#2527,1000.);
#1600=VECTOR('',#2528,1000.);
#1601=VECTOR('',#2529,1000.);
#1602=VECTOR('',#2530,1000.);
#1603=VECTOR('',#2531,1000.);
#1604=VECTOR('',#2532,1000.);
#1605=VECTOR('',#2533,1000.);
#1606=VECTOR('',#2534,1000.);
#1607=VECTOR('',#2535,1000.);
#1608=VECTOR('',#2536,1000.);
#1609=VECTOR('',#2537,1000.);
#1610=VECTOR('',#2538,1000.);
#1611=VECTOR('',#2539,1000.);
#1612=VECTOR('',#2540,1000.);
#1613=VECTOR('',#2541,1000.);
#1614=VECTOR('',#2542,1000.);
#1615=VECTOR('',#2543,1000.);
#1616=VECTOR('',#2544,1000.);
#1617=VECTOR('',#2545,1000.);
#1618=VECTOR('',#2546,1000.);
#1619=VECTOR('',#2547,1000.);
#1620=VECTOR('',#2548,1000.);
#1621=VECTOR('',#2549,1000.);
#1622=VECTOR('',#2550,1000.);
#1623=VECTOR('',#2551,1000.);
#1624=VECTOR('',#2552,1000.);
#1625=VECTOR('',#2553,1000.);
#1626=VECTOR('',#2556,1000.);
#1627=VECTOR('',#2557,1000.);
#1628=VECTOR('',#2558,1000.);
#1629=VECTOR('',#2559,1000.);
#1630=VECTOR('',#2562,1000.);
#1631=VECTOR('',#2563,1000.);
#1632=VECTOR('',#2564,1000.);
#1633=VECTOR('',#2565,1000.);
#1634=VECTOR('',#2568,1000.);
#1635=VECTOR('',#2569,1000.);
#1636=VECTOR('',#2570,1000.);
#1637=VECTOR('',#2571,1000.);
#1638=VECTOR('',#2574,1000.);
#1639=VECTOR('',#2575,1000.);
#1640=VECTOR('',#2576,1000.);
#1641=VECTOR('',#2577,1000.);
#1642=VECTOR('',#2580,1000.);
#1643=VECTOR('',#2581,1000.);
#1644=VECTOR('',#2582,1000.);
#1645=VECTOR('',#2583,1000.);
#1646=VECTOR('',#2586,1000.);
#1647=VECTOR('',#2587,1000.);
#1648=VECTOR('',#2588,1000.);
#1649=VECTOR('',#2589,1000.);
#1650=VECTOR('',#2592,1000.);
#1651=VECTOR('',#2593,1000.);
#1652=VECTOR('',#2594,1000.);
#1653=VECTOR('',#2595,1000.);
#1654=VECTOR('',#2598,1000.);
#1655=VECTOR('',#2599,1000.);
#1656=VECTOR('',#2600,1000.);
#1657=VECTOR('',#2601,1000.);
#1658=VECTOR('',#2604,1000.);
#1659=VECTOR('',#2605,1000.);
#1660=VECTOR('',#2606,1000.);
#1661=VECTOR('',#2607,1000.);
#1662=VECTOR('',#2610,1000.);
#1663=VECTOR('',#2611,1000.);
#1664=VECTOR('',#2612,1000.);
#1665=VECTOR('',#2613,1000.);
#1666=VECTOR('',#2616,1000.);
#1667=VECTOR('',#2617,1000.);
#1668=VECTOR('',#2620,1000.);
#1669=VECTOR('',#2621,1000.);
#1670=VECTOR('',#2624,1000.);
#1671=VECTOR('',#2625,1000.);
#1672=VECTOR('',#2628,1000.);
#1673=VECTOR('',#2629,1000.);
#1674=VECTOR('',#2630,1000.);
#1675=VECTOR('',#2633,1000.);
#1676=VECTOR('',#2634,1000.);
#1677=VECTOR('',#2637,1000.);
#1678=VECTOR('',#2638,1000.);
#1679=VECTOR('',#2639,1000.);
#1680=VECTOR('',#2642,1000.);
#1681=VECTOR('',#2643,1000.);
#1682=VECTOR('',#2646,1000.);
#1683=VECTOR('',#2647,1000.);
#1684=VECTOR('',#2648,1000.);
#1685=VECTOR('',#2651,1000.);
#1686=VECTOR('',#2652,1000.);
#1687=VECTOR('',#2655,1000.);
#1688=VECTOR('',#2656,1000.);
#1689=VECTOR('',#2657,1000.);
#1690=VECTOR('',#2660,1000.);
#1691=VECTOR('',#2661,1000.);
#1692=VECTOR('',#2664,1000.);
#1693=VECTOR('',#2665,1000.);
#1694=VECTOR('',#2668,1000.);
#1695=VECTOR('',#2669,1000.);
#1696=VECTOR('',#2672,1000.);
#1697=VECTOR('',#2673,1000.);
#1698=VECTOR('',#2674,1000.);
#1699=VECTOR('',#2677,1000.);
#1700=VECTOR('',#2678,1000.);
#1701=VECTOR('',#2681,1000.);
#1702=VECTOR('',#2682,1000.);
#1703=VECTOR('',#2683,1000.);
#1704=VECTOR('',#2686,1000.);
#1705=VECTOR('',#2687,1000.);
#1706=VECTOR('',#2690,1000.);
#1707=VECTOR('',#2691,1000.);
#1708=VECTOR('',#2692,1000.);
#1709=VECTOR('',#2695,1000.);
#1710=VECTOR('',#2696,1000.);
#1711=VECTOR('',#2699,1000.);
#1712=VECTOR('',#2700,1000.);
#1713=VECTOR('',#2701,1000.);
#1714=VECTOR('',#2704,1000.);
#1715=VECTOR('',#2705,1000.);
#1716=VECTOR('',#2708,1000.);
#1717=VECTOR('',#2709,1000.);
#1718=VECTOR('',#2752,1000.);
#1719=VECTOR('',#2753,1000.);
#1720=VECTOR('',#2756,1000.);
#1721=VECTOR('',#2759,1000.);
#1722=VECTOR('',#2764,1000.);
#1723=VECTOR('',#2765,1000.);
#1724=VECTOR('',#2768,1000.);
#1725=VECTOR('',#2771,1000.);
#1726=VECTOR('',#2776,1000.);
#1727=VECTOR('',#2777,1000.);
#1728=VECTOR('',#2780,1000.);
#1729=VECTOR('',#2783,1000.);
#1730=VECTOR('',#2788,1000.);
#1731=VECTOR('',#2789,1000.);
#1732=VECTOR('',#2792,1000.);
#1733=VECTOR('',#2795,1000.);
#1734=VECTOR('',#2800,1000.);
#1735=VECTOR('',#2801,1000.);
#1736=VECTOR('',#2804,1000.);
#1737=VECTOR('',#2807,1000.);
#1738=VECTOR('',#2812,1000.);
#1739=VECTOR('',#2813,1000.);
#1740=VECTOR('',#2816,1000.);
#1741=VECTOR('',#2819,1000.);
#1742=VECTOR('',#2824,1000.);
#1743=VECTOR('',#2825,1000.);
#1744=VECTOR('',#2828,1000.);
#1745=VECTOR('',#2831,1000.);
#1746=VECTOR('',#2836,1000.);
#1747=VECTOR('',#2837,1000.);
#1748=VECTOR('',#2840,1000.);
#1749=VECTOR('',#2843,1000.);
#1750=VECTOR('',#2848,1000.);
#1751=VECTOR('',#2849,1000.);
#1752=VECTOR('',#2852,1000.);
#1753=VECTOR('',#2855,1000.);
#1754=VECTOR('',#2860,1000.);
#1755=VECTOR('',#2861,1000.);
#1756=VECTOR('',#2864,1000.);
#1757=VECTOR('',#2867,1000.);
#1758=VECTOR('',#2874,1000.);
#1759=VECTOR('',#2875,1000.);
#1760=VECTOR('',#2876,1000.);
#1761=VECTOR('',#2877,1000.);
#1762=VECTOR('',#2880,1000.);
#1763=VECTOR('',#2881,1000.);
#1764=VECTOR('',#2882,1000.);
#1765=VECTOR('',#2883,1000.);
#1766=VECTOR('',#2886,1000.);
#1767=VECTOR('',#2887,1000.);
#1768=VECTOR('',#2888,1000.);
#1769=VECTOR('',#2889,1000.);
#1770=VECTOR('',#2892,1000.);
#1771=VECTOR('',#2893,1000.);
#1772=VECTOR('',#2894,1000.);
#1773=VECTOR('',#2895,1000.);
#1774=VECTOR('',#2898,1000.);
#1775=VECTOR('',#2899,1000.);
#1776=VECTOR('',#2902,1000.);
#1777=VECTOR('',#2903,1000.);
#1778=VECTOR('',#2906,1000.);
#1779=VECTOR('',#2907,1000.);
#1780=VECTOR('',#2910,1000.);
#1781=VECTOR('',#2913,1000.);
#1782=VECTOR('',#2918,1000.);
#1783=VECTOR('',#2919,1000.);
#1784=VECTOR('',#2922,1000.);
#1785=VECTOR('',#2925,1000.);
#1786=EDGE_LOOP('',(#66,#67,#68,#69));
#1787=EDGE_LOOP('',(#70,#71,#72,#73));
#1788=EDGE_LOOP('',(#74,#75,#76,#77));
#1789=EDGE_LOOP('',(#78,#79,#80,#81));
#1790=EDGE_LOOP('',(#82,#83,#84,#85));
#1791=EDGE_LOOP('',(#86,#87,#88,#89,#90,#91,#92,#93,#94,#95,#96,#97,#98,
#99,#100,#101,#102,#103,#104,#105,#106,#107,#108,#109,#110,#111,#112,#113,
#114,#115,#116,#117));
#1792=EDGE_LOOP('',(#118,#119,#120,#121));
#1793=EDGE_LOOP('',(#122,#123,#124,#125));
#1794=EDGE_LOOP('',(#126,#127,#128,#129));
#1795=EDGE_LOOP('',(#130,#131,#132,#133));
#1796=EDGE_LOOP('',(#134,#135,#136,#137));
#1797=EDGE_LOOP('',(#138,#139,#140,#141));
#1798=EDGE_LOOP('',(#142,#143,#144,#145));
#1799=EDGE_LOOP('',(#146,#147,#148,#149));
#1800=EDGE_LOOP('',(#150,#151,#152,#153));
#1801=EDGE_LOOP('',(#154,#155,#156,#157));
#1802=EDGE_LOOP('',(#158,#159,#160,#161,#162,#163,#164,#165,#166,#167,#168,
#169,#170,#171,#172,#173,#174,#175,#176,#177,#178,#179,#180,#181,#182,#183,
#184,#185,#186,#187,#188,#189));
#1803=EDGE_LOOP('',(#190,#191,#192,#193));
#1804=EDGE_LOOP('',(#194,#195,#196,#197));
#1805=EDGE_LOOP('',(#198,#199,#200,#201));
#1806=EDGE_LOOP('',(#202,#203,#204,#205));
#1807=EDGE_LOOP('',(#206,#207,#208,#209));
#1808=EDGE_LOOP('',(#210,#211,#212,#213));
#1809=EDGE_LOOP('',(#214,#215,#216,#217));
#1810=EDGE_LOOP('',(#218,#219,#220,#221));
#1811=EDGE_LOOP('',(#222,#223,#224,#225));
#1812=EDGE_LOOP('',(#226,#227,#228,#229));
#1813=EDGE_LOOP('',(#230,#231,#232,#233));
#1814=EDGE_LOOP('',(#234,#235,#236,#237));
#1815=EDGE_LOOP('',(#238,#239,#240,#241));
#1816=EDGE_LOOP('',(#242,#243,#244,#245));
#1817=EDGE_LOOP('',(#246,#247,#248,#249));
#1818=EDGE_LOOP('',(#250,#251,#252,#253));
#1819=EDGE_LOOP('',(#254,#255,#256,#257));
#1820=EDGE_LOOP('',(#258,#259,#260,#261,#262,#263));
#1821=EDGE_LOOP('',(#264,#265,#266,#267,#268,#269));
#1822=EDGE_LOOP('',(#270,#271,#272,#273,#274,#275));
#1823=EDGE_LOOP('',(#276,#277,#278,#279,#280,#281));
#1824=EDGE_LOOP('',(#282,#283,#284,#285,#286,#287));
#1825=EDGE_LOOP('',(#288,#289,#290,#291,#292,#293));
#1826=EDGE_LOOP('',(#294,#295,#296,#297,#298,#299));
#1827=EDGE_LOOP('',(#300,#301,#302,#303,#304,#305));
#1828=EDGE_LOOP('',(#306,#307,#308,#309,#310,#311));
#1829=EDGE_LOOP('',(#312,#313,#314,#315,#316,#317));
#1830=EDGE_LOOP('',(#318,#319,#320,#321,#322,#323));
#1831=EDGE_LOOP('',(#324,#325,#326,#327,#328,#329));
#1832=EDGE_LOOP('',(#330,#331,#332,#333,#334,#335));
#1833=EDGE_LOOP('',(#336,#337,#338,#339,#340,#341));
#1834=EDGE_LOOP('',(#342,#343,#344,#345,#346,#347));
#1835=EDGE_LOOP('',(#348,#349,#350,#351,#352,#353));
#1836=EDGE_LOOP('',(#354,#355,#356,#357,#358,#359));
#1837=EDGE_LOOP('',(#360,#361,#362,#363,#364,#365));
#1838=EDGE_LOOP('',(#366,#367,#368,#369,#370,#371));
#1839=EDGE_LOOP('',(#372,#373,#374,#375,#376,#377));
#1840=EDGE_LOOP('',(#378,#379,#380,#381));
#1841=EDGE_LOOP('',(#382,#383,#384,#385));
#1842=EDGE_LOOP('',(#386,#387,#388,#389));
#1843=EDGE_LOOP('',(#390,#391,#392,#393));
#1844=EDGE_LOOP('',(#394,#395,#396,#397));
#1845=EDGE_LOOP('',(#398,#399,#400,#401));
#1846=EDGE_LOOP('',(#402,#403,#404,#405));
#1847=EDGE_LOOP('',(#406,#407,#408,#409));
#1848=EDGE_LOOP('',(#410,#411,#412,#413));
#1849=EDGE_LOOP('',(#414,#415,#416,#417));
#1850=EDGE_LOOP('',(#418,#419,#420,#421));
#1851=EDGE_LOOP('',(#422,#423,#424,#425));
#1852=EDGE_LOOP('',(#426,#427,#428,#429));
#1853=EDGE_LOOP('',(#430,#431,#432,#433));
#1854=EDGE_LOOP('',(#434,#435,#436,#437));
#1855=EDGE_LOOP('',(#438,#439,#440,#441));
#1856=EDGE_LOOP('',(#442,#443,#444,#445));
#1857=EDGE_LOOP('',(#446,#447,#448,#449));
#1858=EDGE_LOOP('',(#450,#451,#452,#453));
#1859=EDGE_LOOP('',(#454,#455,#456,#457));
#1860=EDGE_LOOP('',(#458,#459,#460,#461));
#1861=EDGE_LOOP('',(#462,#463,#464,#465));
#1862=EDGE_LOOP('',(#466,#467,#468,#469));
#1863=EDGE_LOOP('',(#470,#471,#472,#473));
#1864=EDGE_LOOP('',(#474,#475,#476,#477));
#1865=EDGE_LOOP('',(#478,#479,#480,#481));
#1866=EDGE_LOOP('',(#482,#483,#484,#485));
#1867=EDGE_LOOP('',(#486,#487,#488,#489));
#1868=EDGE_LOOP('',(#490,#491,#492,#493));
#1869=EDGE_LOOP('',(#494,#495,#496,#497));
#1870=EDGE_LOOP('',(#498,#499,#500,#501));
#1871=EDGE_LOOP('',(#502,#503,#504,#505));
#1872=EDGE_LOOP('',(#506,#507,#508,#509));
#1873=EDGE_LOOP('',(#510,#511,#512,#513));
#1874=EDGE_LOOP('',(#514,#515,#516,#517));
#1875=EDGE_LOOP('',(#518,#519,#520,#521));
#1876=EDGE_LOOP('',(#522,#523,#524,#525));
#1877=EDGE_LOOP('',(#526,#527,#528,#529));
#1878=EDGE_LOOP('',(#530,#531,#532,#533));
#1879=EDGE_LOOP('',(#534,#535,#536,#537));
#1880=EDGE_LOOP('',(#538,#539,#540,#541));
#1881=EDGE_LOOP('',(#542,#543,#544,#545));
#1882=EDGE_LOOP('',(#546,#547,#548,#549));
#1883=EDGE_LOOP('',(#550,#551,#552,#553));
#1884=EDGE_LOOP('',(#554,#555,#556,#557));
#1885=EDGE_LOOP('',(#558,#559,#560,#561));
#1886=EDGE_LOOP('',(#562,#563,#564,#565));
#1887=EDGE_LOOP('',(#566,#567,#568,#569));
#1888=EDGE_LOOP('',(#570,#571,#572,#573));
#1889=EDGE_LOOP('',(#574,#575,#576,#577));
#1890=EDGE_LOOP('',(#578,#579,#580,#581));
#1891=EDGE_LOOP('',(#582,#583,#584,#585));
#1892=EDGE_LOOP('',(#586,#587,#588,#589));
#1893=EDGE_LOOP('',(#590,#591,#592,#593));
#1894=EDGE_LOOP('',(#594,#595,#596,#597));
#1895=EDGE_LOOP('',(#598,#599,#600,#601));
#1896=EDGE_LOOP('',(#602,#603,#604,#605));
#1897=EDGE_LOOP('',(#606,#607,#608,#609));
#1898=EDGE_LOOP('',(#610,#611,#612,#613));
#1899=EDGE_LOOP('',(#614,#615,#616,#617));
#1900=EDGE_LOOP('',(#618,#619,#620,#621));
#1901=EDGE_LOOP('',(#622,#623,#624,#625));
#1902=EDGE_LOOP('',(#626,#627,#628,#629));
#1903=EDGE_LOOP('',(#630,#631,#632,#633));
#1904=EDGE_LOOP('',(#634,#635,#636,#637));
#1905=EDGE_LOOP('',(#638,#639,#640,#641));
#1906=EDGE_LOOP('',(#642,#643,#644,#645));
#1907=EDGE_LOOP('',(#646,#647,#648,#649));
#1908=EDGE_LOOP('',(#650,#651,#652,#653));
#1909=EDGE_LOOP('',(#654,#655,#656,#657));
#1910=EDGE_LOOP('',(#658,#659,#660,#661));
#1911=EDGE_LOOP('',(#662,#663,#664,#665));
#1912=EDGE_LOOP('',(#666,#667,#668,#669));
#1913=EDGE_LOOP('',(#670,#671,#672,#673));
#1914=FACE_BOUND('',#1786,.T.);
#1915=FACE_BOUND('',#1787,.T.);
#1916=FACE_BOUND('',#1788,.T.);
#1917=FACE_BOUND('',#1789,.T.);
#1918=FACE_BOUND('',#1790,.T.);
#1919=FACE_BOUND('',#1791,.T.);
#1920=FACE_BOUND('',#1792,.T.);
#1921=FACE_BOUND('',#1793,.T.);
#1922=FACE_BOUND('',#1794,.T.);
#1923=FACE_BOUND('',#1795,.T.);
#1924=FACE_BOUND('',#1796,.T.);
#1925=FACE_BOUND('',#1797,.T.);
#1926=FACE_BOUND('',#1798,.T.);
#1927=FACE_BOUND('',#1799,.T.);
#1928=FACE_BOUND('',#1800,.T.);
#1929=FACE_BOUND('',#1801,.T.);
#1930=FACE_BOUND('',#1802,.T.);
#1931=FACE_BOUND('',#1803,.T.);
#1932=FACE_BOUND('',#1804,.T.);
#1933=FACE_BOUND('',#1805,.T.);
#1934=FACE_BOUND('',#1806,.T.);
#1935=FACE_BOUND('',#1807,.T.);
#1936=FACE_BOUND('',#1808,.T.);
#1937=FACE_BOUND('',#1809,.T.);
#1938=FACE_BOUND('',#1810,.T.);
#1939=FACE_BOUND('',#1811,.T.);
#1940=FACE_BOUND('',#1812,.T.);
#1941=FACE_BOUND('',#1813,.T.);
#1942=FACE_BOUND('',#1814,.T.);
#1943=FACE_BOUND('',#1815,.T.);
#1944=FACE_BOUND('',#1816,.T.);
#1945=FACE_BOUND('',#1817,.T.);
#1946=FACE_BOUND('',#1818,.T.);
#1947=FACE_BOUND('',#1819,.T.);
#1948=FACE_BOUND('',#1820,.T.);
#1949=FACE_BOUND('',#1821,.T.);
#1950=FACE_BOUND('',#1822,.T.);
#1951=FACE_BOUND('',#1823,.T.);
#1952=FACE_BOUND('',#1824,.T.);
#1953=FACE_BOUND('',#1825,.T.);
#1954=FACE_BOUND('',#1826,.T.);
#1955=FACE_BOUND('',#1827,.T.);
#1956=FACE_BOUND('',#1828,.T.);
#1957=FACE_BOUND('',#1829,.T.);
#1958=FACE_BOUND('',#1830,.T.);
#1959=FACE_BOUND('',#1831,.T.);
#1960=FACE_BOUND('',#1832,.T.);
#1961=FACE_BOUND('',#1833,.T.);
#1962=FACE_BOUND('',#1834,.T.);
#1963=FACE_BOUND('',#1835,.T.);
#1964=FACE_BOUND('',#1836,.T.);
#1965=FACE_BOUND('',#1837,.T.);
#1966=FACE_BOUND('',#1838,.T.);
#1967=FACE_BOUND('',#1839,.T.);
#1968=FACE_BOUND('',#1840,.T.);
#1969=FACE_BOUND('',#1841,.T.);
#1970=FACE_BOUND('',#1842,.T.);
#1971=FACE_BOUND('',#1843,.T.);
#1972=FACE_BOUND('',#1844,.T.);
#1973=FACE_BOUND('',#1845,.T.);
#1974=FACE_BOUND('',#1846,.T.);
#1975=FACE_BOUND('',#1847,.T.);
#1976=FACE_BOUND('',#1848,.T.);
#1977=FACE_BOUND('',#1849,.T.);
#1978=FACE_BOUND('',#1850,.T.);
#1979=FACE_BOUND('',#1851,.T.);
#1980=FACE_BOUND('',#1852,.T.);
#1981=FACE_BOUND('',#1853,.T.);
#1982=FACE_BOUND('',#1854,.T.);
#1983=FACE_BOUND('',#1855,.T.);
#1984=FACE_BOUND('',#1856,.T.);
#1985=FACE_BOUND('',#1857,.T.);
#1986=FACE_BOUND('',#1858,.T.);
#1987=FACE_BOUND('',#1859,.T.);
#1988=FACE_BOUND('',#1860,.T.);
#1989=FACE_BOUND('',#1861,.T.);
#1990=FACE_BOUND('',#1862,.T.);
#1991=FACE_BOUND('',#1863,.T.);
#1992=FACE_BOUND('',#1864,.T.);
#1993=FACE_BOUND('',#1865,.T.);
#1994=FACE_BOUND('',#1866,.T.);
#1995=FACE_BOUND('',#1867,.T.);
#1996=FACE_BOUND('',#1868,.T.);
#1997=FACE_BOUND('',#1869,.T.);
#1998=FACE_BOUND('',#1870,.T.);
#1999=FACE_BOUND('',#1871,.T.);
#2000=FACE_BOUND('',#1872,.T.);
#2001=FACE_BOUND('',#1873,.T.);
#2002=FACE_BOUND('',#1874,.T.);
#2003=FACE_BOUND('',#1875,.T.);
#2004=FACE_BOUND('',#1876,.T.);
#2005=FACE_BOUND('',#1877,.T.);
#2006=FACE_BOUND('',#1878,.T.);
#2007=FACE_BOUND('',#1879,.T.);
#2008=FACE_BOUND('',#1880,.T.);
#2009=FACE_BOUND('',#1881,.T.);
#2010=FACE_BOUND('',#1882,.T.);
#2011=FACE_BOUND('',#1883,.T.);
#2012=FACE_BOUND('',#1884,.T.);
#2013=FACE_BOUND('',#1885,.T.);
#2014=FACE_BOUND('',#1886,.T.);
#2015=FACE_BOUND('',#1887,.T.);
#2016=FACE_BOUND('',#1888,.T.);
#2017=FACE_BOUND('',#1889,.T.);
#2018=FACE_BOUND('',#1890,.T.);
#2019=FACE_BOUND('',#1891,.T.);
#2020=FACE_BOUND('',#1892,.T.);
#2021=FACE_BOUND('',#1893,.T.);
#2022=FACE_BOUND('',#1894,.T.);
#2023=FACE_BOUND('',#1895,.T.);
#2024=FACE_BOUND('',#1896,.T.);
#2025=FACE_BOUND('',#1897,.T.);
#2026=FACE_BOUND('',#1898,.T.);
#2027=FACE_BOUND('',#1899,.T.);
#2028=FACE_BOUND('',#1900,.T.);
#2029=FACE_BOUND('',#1901,.T.);
#2030=FACE_BOUND('',#1902,.T.);
#2031=FACE_BOUND('',#1903,.T.);
#2032=FACE_BOUND('',#1904,.T.);
#2033=FACE_BOUND('',#1905,.T.);
#2034=FACE_BOUND('',#1906,.T.);
#2035=FACE_BOUND('',#1907,.T.);
#2036=FACE_BOUND('',#1908,.T.);
#2037=FACE_BOUND('',#1909,.T.);
#2038=FACE_BOUND('',#1910,.T.);
#2039=FACE_BOUND('',#1911,.T.);
#2040=FACE_BOUND('',#1912,.T.);
#2041=FACE_BOUND('',#1913,.T.);
#2042=PLANE('',#2285);
#2043=PLANE('',#2286);
#2044=PLANE('',#2287);
#2045=PLANE('',#2288);
#2046=PLANE('',#2289);
#2047=PLANE('',#2290);
#2048=PLANE('',#2291);
#2049=PLANE('',#2292);
#2050=PLANE('',#2293);
#2051=PLANE('',#2294);
#2052=PLANE('',#2295);
#2053=PLANE('',#2296);
#2054=PLANE('',#2297);
#2055=PLANE('',#2298);
#2056=PLANE('',#2299);
#2057=PLANE('',#2300);
#2058=PLANE('',#2301);
#2059=PLANE('',#2302);
#2060=PLANE('',#2303);
#2061=PLANE('',#2304);
#2062=PLANE('',#2305);
#2063=PLANE('',#2306);
#2064=PLANE('',#2307);
#2065=PLANE('',#2308);
#2066=PLANE('',#2309);
#2067=PLANE('',#2310);
#2068=PLANE('',#2311);
#2069=PLANE('',#2312);
#2070=PLANE('',#2313);
#2071=PLANE('',#2314);
#2072=PLANE('',#2315);
#2073=PLANE('',#2316);
#2074=PLANE('',#2317);
#2075=PLANE('',#2318);
#2076=PLANE('',#2319);
#2077=PLANE('',#2320);
#2078=PLANE('',#2321);
#2079=PLANE('',#2322);
#2080=PLANE('',#2323);
#2081=PLANE('',#2324);
#2082=PLANE('',#2325);
#2083=PLANE('',#2326);
#2084=PLANE('',#2327);
#2085=PLANE('',#2328);
#2086=PLANE('',#2329);
#2087=PLANE('',#2330);
#2088=PLANE('',#2331);
#2089=PLANE('',#2332);
#2090=PLANE('',#2333);
#2091=PLANE('',#2334);
#2092=PLANE('',#2335);
#2093=PLANE('',#2336);
#2094=PLANE('',#2337);
#2095=PLANE('',#2338);
#2096=PLANE('',#2339);
#2097=PLANE('',#2340);
#2098=PLANE('',#2341);
#2099=PLANE('',#2342);
#2100=PLANE('',#2343);
#2101=PLANE('',#2344);
#2102=PLANE('',#2345);
#2103=PLANE('',#2346);
#2104=PLANE('',#2347);
#2105=PLANE('',#2348);
#2106=PLANE('',#2349);
#2107=PLANE('',#2350);
#2108=PLANE('',#2351);
#2109=PLANE('',#2352);
#2110=PLANE('',#2353);
#2111=PLANE('',#2354);
#2112=PLANE('',#2355);
#2113=PLANE('',#2356);
#2114=PLANE('',#2357);
#2115=PLANE('',#2358);
#2116=PLANE('',#2359);
#2117=PLANE('',#2360);
#2118=PLANE('',#2361);
#2119=PLANE('',#2362);
#2120=PLANE('',#2363);
#2121=PLANE('',#2364);
#2122=PLANE('',#2365);
#2123=PLANE('',#2366);
#2124=PLANE('',#2367);
#2125=PLANE('',#2368);
#2126=PLANE('',#2369);
#2127=PLANE('',#2370);
#2128=PLANE('',#2371);
#2129=PLANE('',#2372);
#2130=PLANE('',#2373);
#2131=PLANE('',#2374);
#2132=PLANE('',#2375);
#2133=PLANE('',#2376);
#2134=PLANE('',#2377);
#2135=PLANE('',#2378);
#2136=PLANE('',#2380);
#2137=PLANE('',#2381);
#2138=PLANE('',#2382);
#2139=PLANE('',#2383);
#2140=PLANE('',#2384);
#2141=PLANE('',#2385);
#2142=PLANE('',#2386);
#2143=PLANE('',#2387);
#2144=PLANE('',#2388);
#2145=PLANE('',#2389);
#2146=PLANE('',#2390);
#2147=PLANE('',#2391);
#2148=PLANE('',#2392);
#2149=PLANE('',#2393);
#2150=ADVANCED_FACE('',(#1914,#1915,#1916,#1917,#1918,#1919,#1920,#1921,
#1922,#1923,#1924),#2042,.T.);
#2151=ADVANCED_FACE('',(#1925,#1926,#1927,#1928,#1929,#1930,#1931,#1932,
#1933,#1934,#1935),#2043,.T.);
#2152=ADVANCED_FACE('',(#1936),#2044,.T.);
#2153=ADVANCED_FACE('',(#1937),#2045,.T.);
#2154=ADVANCED_FACE('',(#1938),#2046,.T.);
#2155=ADVANCED_FACE('',(#1939),#2047,.T.);
#2156=ADVANCED_FACE('',(#1940),#2048,.T.);
#2157=ADVANCED_FACE('',(#1941),#2049,.T.);
#2158=ADVANCED_FACE('',(#1942),#2050,.T.);
#2159=ADVANCED_FACE('',(#1943),#2051,.T.);
#2160=ADVANCED_FACE('',(#1944),#2052,.T.);
#2161=ADVANCED_FACE('',(#1945),#2053,.T.);
#2162=ADVANCED_FACE('',(#1946),#2054,.F.);
#2163=ADVANCED_FACE('',(#1947),#2055,.T.);
#2164=ADVANCED_FACE('',(#1948),#2056,.T.);
#2165=ADVANCED_FACE('',(#1949),#2057,.T.);
#2166=ADVANCED_FACE('',(#1950),#2058,.T.);
#2167=ADVANCED_FACE('',(#1951),#2059,.T.);
#2168=ADVANCED_FACE('',(#1952),#2060,.T.);
#2169=ADVANCED_FACE('',(#1953),#2061,.T.);
#2170=ADVANCED_FACE('',(#1954),#2062,.T.);
#2171=ADVANCED_FACE('',(#1955),#2063,.T.);
#2172=ADVANCED_FACE('',(#1956),#2064,.T.);
#2173=ADVANCED_FACE('',(#1957),#2065,.T.);
#2174=ADVANCED_FACE('',(#1958),#2066,.T.);
#2175=ADVANCED_FACE('',(#1959),#2067,.T.);
#2176=ADVANCED_FACE('',(#1960),#2068,.T.);
#2177=ADVANCED_FACE('',(#1961),#2069,.T.);
#2178=ADVANCED_FACE('',(#1962),#2070,.T.);
#2179=ADVANCED_FACE('',(#1963),#2071,.T.);
#2180=ADVANCED_FACE('',(#1964),#2072,.T.);
#2181=ADVANCED_FACE('',(#1965),#2073,.T.);
#2182=ADVANCED_FACE('',(#1966),#2074,.T.);
#2183=ADVANCED_FACE('',(#1967),#2075,.T.);
#2184=ADVANCED_FACE('',(#1968),#2076,.T.);
#2185=ADVANCED_FACE('',(#1969),#2077,.T.);
#2186=ADVANCED_FACE('',(#1970),#2078,.T.);
#2187=ADVANCED_FACE('',(#1971),#2079,.T.);
#2188=ADVANCED_FACE('',(#1972),#2080,.T.);
#2189=ADVANCED_FACE('',(#1973),#2081,.T.);
#2190=ADVANCED_FACE('',(#1974),#2082,.T.);
#2191=ADVANCED_FACE('',(#1975),#2083,.T.);
#2192=ADVANCED_FACE('',(#1976),#2084,.T.);
#2193=ADVANCED_FACE('',(#1977),#2085,.T.);
#2194=ADVANCED_FACE('',(#1978),#2086,.T.);
#2195=ADVANCED_FACE('',(#1979),#2087,.T.);
#2196=ADVANCED_FACE('',(#1980),#2088,.T.);
#2197=ADVANCED_FACE('',(#1981),#2089,.T.);
#2198=ADVANCED_FACE('',(#1982),#2090,.T.);
#2199=ADVANCED_FACE('',(#1983),#2091,.T.);
#2200=ADVANCED_FACE('',(#1984),#2092,.T.);
#2201=ADVANCED_FACE('',(#1985),#2093,.T.);
#2202=ADVANCED_FACE('',(#1986),#2094,.T.);
#2203=ADVANCED_FACE('',(#1987),#2095,.T.);
#2204=ADVANCED_FACE('',(#1988),#2096,.T.);
#2205=ADVANCED_FACE('',(#1989),#2097,.T.);
#2206=ADVANCED_FACE('',(#1990),#2098,.T.);
#2207=ADVANCED_FACE('',(#1991),#2099,.T.);
#2208=ADVANCED_FACE('',(#1992),#2100,.T.);
#2209=ADVANCED_FACE('',(#1993),#2101,.T.);
#2210=ADVANCED_FACE('',(#1994),#2102,.T.);
#2211=ADVANCED_FACE('',(#1995),#2103,.T.);
#2212=ADVANCED_FACE('',(#1996),#2104,.T.);
#2213=ADVANCED_FACE('',(#1997),#2105,.T.);
#2214=ADVANCED_FACE('',(#1998),#2106,.T.);
#2215=ADVANCED_FACE('',(#1999),#2107,.T.);
#2216=ADVANCED_FACE('',(#2000),#2108,.T.);
#2217=ADVANCED_FACE('',(#2001),#2109,.T.);
#2218=ADVANCED_FACE('',(#2002),#2110,.T.);
#2219=ADVANCED_FACE('',(#2003),#2111,.T.);
#2220=ADVANCED_FACE('',(#2004),#2112,.T.);
#2221=ADVANCED_FACE('',(#2005),#2113,.T.);
#2222=ADVANCED_FACE('',(#2006),#2114,.T.);
#2223=ADVANCED_FACE('',(#2007),#2115,.T.);
#2224=ADVANCED_FACE('',(#2008),#2116,.T.);
#2225=ADVANCED_FACE('',(#2009),#2117,.T.);
#2226=ADVANCED_FACE('',(#2010),#2118,.T.);
#2227=ADVANCED_FACE('',(#2011),#2119,.T.);
#2228=ADVANCED_FACE('',(#2012),#2120,.T.);
#2229=ADVANCED_FACE('',(#2013),#2121,.T.);
#2230=ADVANCED_FACE('',(#2014),#2122,.T.);
#2231=ADVANCED_FACE('',(#2015),#2123,.T.);
#2232=ADVANCED_FACE('',(#2016),#2124,.T.);
#2233=ADVANCED_FACE('',(#2017),#2125,.T.);
#2234=ADVANCED_FACE('',(#2018),#2126,.T.);
#2235=ADVANCED_FACE('',(#2019),#2127,.T.);
#2236=ADVANCED_FACE('',(#2020),#2128,.T.);
#2237=ADVANCED_FACE('',(#2021),#2129,.T.);
#2238=ADVANCED_FACE('',(#2022),#2130,.T.);
#2239=ADVANCED_FACE('',(#2023),#2131,.T.);
#2240=ADVANCED_FACE('',(#2024),#2132,.T.);
#2241=ADVANCED_FACE('',(#2025),#2133,.T.);
#2242=ADVANCED_FACE('',(#2026),#2134,.T.);
#2243=ADVANCED_FACE('',(#2027),#2135,.T.);
#2244=ADVANCED_FACE('',(#2028),#2136,.F.);
#2245=ADVANCED_FACE('',(#2029),#2137,.F.);
#2246=ADVANCED_FACE('',(#2030),#2138,.F.);
#2247=ADVANCED_FACE('',(#2031),#2139,.F.);
#2248=ADVANCED_FACE('',(#2032),#2140,.T.);
#2249=ADVANCED_FACE('',(#2033),#2141,.F.);
#2250=ADVANCED_FACE('',(#2034),#2142,.F.);
#2251=ADVANCED_FACE('',(#2035),#2143,.F.);
#2252=ADVANCED_FACE('',(#2036),#2144,.F.);
#2253=ADVANCED_FACE('',(#2037),#2145,.T.);
#2254=ADVANCED_FACE('',(#2038),#2146,.T.);
#2255=ADVANCED_FACE('',(#2039),#2147,.F.);
#2256=ADVANCED_FACE('',(#2040),#2148,.F.);
#2257=ADVANCED_FACE('',(#2041),#2149,.F.);
#2258=CLOSED_SHELL('',(#2150,#2151,#2152,#2153,#2154,#2155,#2156,#2157,
#2158,#2159,#2160,#2161,#2162,#2163,#2164,#2165,#2166,#2167,#2168,#2169,
#2170,#2171,#2172,#2173,#2174,#2175,#2176,#2177,#2178,#2179,#2180,#2181,
#2182,#2183,#2184,#2185,#2186,#2187,#2188,#2189,#2190,#2191,#2192,#2193,
#2194,#2195,#2196,#2197,#2198,#2199,#2200,#2201,#2202,#2203,#2204,#2205,
#2206,#2207,#2208,#2209,#2210,#2211,#2212,#2213,#2214,#2215,#2216,#2217,
#2218,#2219,#2220,#2221,#2222,#2223,#2224,#2225,#2226,#2227,#2228,#2229,
#2230,#2231,#2232,#2233,#2234,#2235,#2236,#2237,#2238,#2239,#2240,#2241,
#2242,#2243));
#2259=CLOSED_SHELL('',(#2244,#2245,#2246,#2247,#2248,#2249,#2250,#2251,
#2252,#2253,#2254,#2255,#2256,#2257));
#2260=STYLED_ITEM('',(#2262),#2276);
#2261=STYLED_ITEM('',(#2263),#2277);
#2262=PRESENTATION_STYLE_ASSIGNMENT((#2264));
#2263=PRESENTATION_STYLE_ASSIGNMENT((#2265));
#2264=SURFACE_STYLE_USAGE(.BOTH.,#2266);
#2265=SURFACE_STYLE_USAGE(.BOTH.,#2267);
#2266=SURFACE_SIDE_STYLE('',(#2268));
#2267=SURFACE_SIDE_STYLE('',(#2269));
#2268=SURFACE_STYLE_FILL_AREA(#2270);
#2269=SURFACE_STYLE_FILL_AREA(#2271);
#2270=FILL_AREA_STYLE('',(#2272));
#2271=FILL_AREA_STYLE('',(#2273));
#2272=FILL_AREA_STYLE_COLOUR('',#2274);
#2273=FILL_AREA_STYLE_COLOUR('',#2275);
#2274=COLOUR_RGB('',0.18823529779911,0.18823529779911,0.18823529779911);
#2275=COLOUR_RGB('',0.75,0.569999992847443,0.409999996423721);
#2276=MANIFOLD_SOLID_BREP('',#2258);
#2277=MANIFOLD_SOLID_BREP('',#2259);
#2278=SHAPE_DEFINITION_REPRESENTATION(#3583,#2281);
#2279=SHAPE_DEFINITION_REPRESENTATION(#3582,#2282);
#2280=SHAPE_DEFINITION_REPRESENTATION(#3585,#2283);
#2281=SHAPE_REPRESENTATION('61301021121',(#2284),#3574);
#2282=SHAPE_REPRESENTATION('6130xx21121',(#2284,#2379,#2394,#2395,#2396,
#2397,#2398,#2399,#2400,#2401,#2402,#2403),#3573);
#2283=SHAPE_REPRESENTATION('6130xx21121_PIN',(#2284),#3575);
#2284=AXIS2_PLACEMENT_3D('',#2948,#2404,#2405);
#2285=AXIS2_PLACEMENT_3D('',#2949,#2406,#2407);
#2286=AXIS2_PLACEMENT_3D('',#3094,#2480,#2481);
#2287=AXIS2_PLACEMENT_3D('',#3239,#2554,#2555);
#2288=AXIS2_PLACEMENT_3D('',#3248,#2560,#2561);
#2289=AXIS2_PLACEMENT_3D('',#3257,#2566,#2567);
#2290=AXIS2_PLACEMENT_3D('',#3266,#2572,#2573);
#2291=AXIS2_PLACEMENT_3D('',#3275,#2578,#2579);
#2292=AXIS2_PLACEMENT_3D('',#3284,#2584,#2585);
#2293=AXIS2_PLACEMENT_3D('',#3293,#2590,#2591);
#2294=AXIS2_PLACEMENT_3D('',#3302,#2596,#2597);
#2295=AXIS2_PLACEMENT_3D('',#3311,#2602,#2603);
#2296=AXIS2_PLACEMENT_3D('',#3320,#2608,#2609);
#2297=AXIS2_PLACEMENT_3D('',#3329,#2614,#2615);
#2298=AXIS2_PLACEMENT_3D('',#3332,#2618,#2619);
#2299=AXIS2_PLACEMENT_3D('',#3335,#2622,#2623);
#2300=AXIS2_PLACEMENT_3D('',#3338,#2626,#2627);
#2301=AXIS2_PLACEMENT_3D('',#3342,#2631,#2632);
#2302=AXIS2_PLACEMENT_3D('',#3345,#2635,#2636);
#2303=AXIS2_PLACEMENT_3D('',#3349,#2640,#2641);
#2304=AXIS2_PLACEMENT_3D('',#3352,#2644,#2645);
#2305=AXIS2_PLACEMENT_3D('',#3356,#2649,#2650);
#2306=AXIS2_PLACEMENT_3D('',#3359,#2653,#2654);
#2307=AXIS2_PLACEMENT_3D('',#3363,#2658,#2659);
#2308=AXIS2_PLACEMENT_3D('',#3366,#2662,#2663);
#2309=AXIS2_PLACEMENT_3D('',#3369,#2666,#2667);
#2310=AXIS2_PLACEMENT_3D('',#3372,#2670,#2671);
#2311=AXIS2_PLACEMENT_3D('',#3376,#2675,#2676);
#2312=AXIS2_PLACEMENT_3D('',#3379,#2679,#2680);
#2313=AXIS2_PLACEMENT_3D('',#3383,#2684,#2685);
#2314=AXIS2_PLACEMENT_3D('',#3386,#2688,#2689);
#2315=AXIS2_PLACEMENT_3D('',#3390,#2693,#2694);
#2316=AXIS2_PLACEMENT_3D('',#3393,#2697,#2698);
#2317=AXIS2_PLACEMENT_3D('',#3397,#2702,#2703);
#2318=AXIS2_PLACEMENT_3D('',#3400,#2706,#2707);
#2319=AXIS2_PLACEMENT_3D('',#3403,#2710,#2711);
#2320=AXIS2_PLACEMENT_3D('',#3404,#2712,#2713);
#2321=AXIS2_PLACEMENT_3D('',#3405,#2714,#2715);
#2322=AXIS2_PLACEMENT_3D('',#3406,#2716,#2717);
#2323=AXIS2_PLACEMENT_3D('',#3407,#2718,#2719);
#2324=AXIS2_PLACEMENT_3D('',#3408,#2720,#2721);
#2325=AXIS2_PLACEMENT_3D('',#3409,#2722,#2723);
#2326=AXIS2_PLACEMENT_3D('',#3410,#2724,#2725);
#2327=AXIS2_PLACEMENT_3D('',#3411,#2726,#2727);
#2328=AXIS2_PLACEMENT_3D('',#3412,#2728,#2729);
#2329=AXIS2_PLACEMENT_3D('',#3413,#2730,#2731);
#2330=AXIS2_PLACEMENT_3D('',#3414,#2732,#2733);
#2331=AXIS2_PLACEMENT_3D('',#3415,#2734,#2735);
#2332=AXIS2_PLACEMENT_3D('',#3416,#2736,#2737);
#2333=AXIS2_PLACEMENT_3D('',#3417,#2738,#2739);
#2334=AXIS2_PLACEMENT_3D('',#3418,#2740,#2741);
#2335=AXIS2_PLACEMENT_3D('',#3419,#2742,#2743);
#2336=AXIS2_PLACEMENT_3D('',#3420,#2744,#2745);
#2337=AXIS2_PLACEMENT_3D('',#3421,#2746,#2747);
#2338=AXIS2_PLACEMENT_3D('',#3422,#2748,#2749);
#2339=AXIS2_PLACEMENT_3D('',#3423,#2750,#2751);
#2340=AXIS2_PLACEMENT_3D('',#3426,#2754,#2755);
#2341=AXIS2_PLACEMENT_3D('',#3428,#2757,#2758);
#2342=AXIS2_PLACEMENT_3D('',#3430,#2760,#2761);
#2343=AXIS2_PLACEMENT_3D('',#3431,#2762,#2763);
#2344=AXIS2_PLACEMENT_3D('',#3434,#2766,#2767);
#2345=AXIS2_PLACEMENT_3D('',#3436,#2769,#2770);
#2346=AXIS2_PLACEMENT_3D('',#3438,#2772,#2773);
#2347=AXIS2_PLACEMENT_3D('',#3439,#2774,#2775);
#2348=AXIS2_PLACEMENT_3D('',#3442,#2778,#2779);
#2349=AXIS2_PLACEMENT_3D('',#3444,#2781,#2782);
#2350=AXIS2_PLACEMENT_3D('',#3446,#2784,#2785);
#2351=AXIS2_PLACEMENT_3D('',#3447,#2786,#2787);
#2352=AXIS2_PLACEMENT_3D('',#3450,#2790,#2791);
#2353=AXIS2_PLACEMENT_3D('',#3452,#2793,#2794);
#2354=AXIS2_PLACEMENT_3D('',#3454,#2796,#2797);
#2355=AXIS2_PLACEMENT_3D('',#3455,#2798,#2799);
#2356=AXIS2_PLACEMENT_3D('',#3458,#2802,#2803);
#2357=AXIS2_PLACEMENT_3D('',#3460,#2805,#2806);
#2358=AXIS2_PLACEMENT_3D('',#3462,#2808,#2809);
#2359=AXIS2_PLACEMENT_3D('',#3463,#2810,#2811);
#2360=AXIS2_PLACEMENT_3D('',#3466,#2814,#2815);
#2361=AXIS2_PLACEMENT_3D('',#3468,#2817,#2818);
#2362=AXIS2_PLACEMENT_3D('',#3470,#2820,#2821);
#2363=AXIS2_PLACEMENT_3D('',#3471,#2822,#2823);
#2364=AXIS2_PLACEMENT_3D('',#3474,#2826,#2827);
#2365=AXIS2_PLACEMENT_3D('',#3476,#2829,#2830);
#2366=AXIS2_PLACEMENT_3D('',#3478,#2832,#2833);
#2367=AXIS2_PLACEMENT_3D('',#3479,#2834,#2835);
#2368=AXIS2_PLACEMENT_3D('',#3482,#2838,#2839);
#2369=AXIS2_PLACEMENT_3D('',#3484,#2841,#2842);
#2370=AXIS2_PLACEMENT_3D('',#3486,#2844,#2845);
#2371=AXIS2_PLACEMENT_3D('',#3487,#2846,#2847);
#2372=AXIS2_PLACEMENT_3D('',#3490,#2850,#2851);
#2373=AXIS2_PLACEMENT_3D('',#3492,#2853,#2854);
#2374=AXIS2_PLACEMENT_3D('',#3494,#2856,#2857);
#2375=AXIS2_PLACEMENT_3D('',#3495,#2858,#2859);
#2376=AXIS2_PLACEMENT_3D('',#3498,#2862,#2863);
#2377=AXIS2_PLACEMENT_3D('',#3500,#2865,#2866);
#2378=AXIS2_PLACEMENT_3D('',#3502,#2868,#2869);
#2379=AXIS2_PLACEMENT_3D('',#3503,#2870,#2871);
#2380=AXIS2_PLACEMENT_3D('',#3504,#2872,#2873);
#2381=AXIS2_PLACEMENT_3D('',#3513,#2878,#2879);
#2382=AXIS2_PLACEMENT_3D('',#3522,#2884,#2885);
#2383=AXIS2_PLACEMENT_3D('',#3531,#2890,#2891);
#2384=AXIS2_PLACEMENT_3D('',#3540,#2896,#2897);
#2385=AXIS2_PLACEMENT_3D('',#3543,#2900,#2901);
#2386=AXIS2_PLACEMENT_3D('',#3546,#2904,#2905);
#2387=AXIS2_PLACEMENT_3D('',#3549,#2908,#2909);
#2388=AXIS2_PLACEMENT_3D('',#3551,#2911,#2912);
#2389=AXIS2_PLACEMENT_3D('',#3553,#2914,#2915);
#2390=AXIS2_PLACEMENT_3D('',#3554,#2916,#2917);
#2391=AXIS2_PLACEMENT_3D('',#3557,#2920,#2921);
#2392=AXIS2_PLACEMENT_3D('',#3559,#2923,#2924);
#2393=AXIS2_PLACEMENT_3D('',#3561,#2926,#2927);
#2394=AXIS2_PLACEMENT_3D('',#3562,#2928,#2929);
#2395=AXIS2_PLACEMENT_3D('',#3563,#2930,#2931);
#2396=AXIS2_PLACEMENT_3D('',#3564,#2932,#2933);
#2397=AXIS2_PLACEMENT_3D('',#3565,#2934,#2935);
#2398=AXIS2_PLACEMENT_3D('',#3566,#2936,#2937);
#2399=AXIS2_PLACEMENT_3D('',#3567,#2938,#2939);
#2400=AXIS2_PLACEMENT_3D('',#3568,#2940,#2941);
#2401=AXIS2_PLACEMENT_3D('',#3569,#2942,#2943);
#2402=AXIS2_PLACEMENT_3D('',#3570,#2944,#2945);
#2403=AXIS2_PLACEMENT_3D('',#3571,#2946,#2947);
#2404=DIRECTION('',(0.,0.,1.));
#2405=DIRECTION('',(1.,0.,0.));
#2406=DIRECTION('',(0.,1.,8.53702498020082E-17));
#2407=DIRECTION('',(0.,-8.53702498020082E-17,1.));
#2408=DIRECTION('',(1.,0.,0.));
#2409=DIRECTION('',(0.,-8.53702498020082E-17,1.));
#2410=DIRECTION('',(-1.,0.,0.));
#2411=DIRECTION('',(0.,8.53702498020082E-17,-1.));
#2412=DIRECTION('',(1.,0.,0.));
#2413=DIRECTION('',(0.,-8.53702498020082E-17,1.));
#2414=DIRECTION('',(-1.,0.,0.));
#2415=DIRECTION('',(0.,8.53702498020082E-17,-1.));
#2416=DIRECTION('',(1.,0.,0.));
#2417=DIRECTION('',(0.,-8.53702498020082E-17,1.));
#2418=DIRECTION('',(-1.,0.,0.));
#2419=DIRECTION('',(0.,8.53702498020082E-17,-1.));
#2420=DIRECTION('',(1.,0.,0.));
#2421=DIRECTION('',(0.,-8.53702498020082E-17,1.));
#2422=DIRECTION('',(-1.,0.,0.));
#2423=DIRECTION('',(0.,8.53702498020082E-17,-1.));
#2424=DIRECTION('',(1.,0.,0.));
#2425=DIRECTION('',(0.,-8.53702498020082E-17,1.));
#2426=DIRECTION('',(-1.,0.,0.));
#2427=DIRECTION('',(0.,8.53702498020082E-17,-1.));
#2428=DIRECTION('',(-1.,0.,0.));
#2429=DIRECTION('',(0.447213595499958,7.63574727253713E-17,-0.894427190999916));
#2430=DIRECTION('',(0.,8.53702498020082E-17,-1.));
#2431=DIRECTION('',(0.447213595499958,7.63574727253713E-17,0.894427190999916));
#2432=DIRECTION('',(-1.,0.,0.));
#2433=DIRECTION('',(0.447213595499958,-7.63574727253713E-17,-0.894427190999916));
#2434=DIRECTION('',(0.447213595499958,7.63574727253713E-17,0.894427190999916));
#2435=DIRECTION('',(-1.,0.,0.));
#2436=DIRECTION('',(0.447213595499958,-7.63574727253713E-17,-0.894427190999916));
#2437=DIRECTION('',(0.447213595499958,7.63574727253713E-17,0.894427190999916));
#2438=DIRECTION('',(-1.,0.,0.));
#2439=DIRECTION('',(0.447213595499958,-7.63574727253713E-17,-0.894427190999916));
#2440=DIRECTION('',(0.447213595499958,7.63574727253713E-17,0.894427190999916));
#2441=DIRECTION('',(-1.,0.,0.));
#2442=DIRECTION('',(0.447213595499958,-7.63574727253713E-17,-0.894427190999916));
#2443=DIRECTION('',(0.447213595499958,7.63574727253713E-17,0.894427190999916));
#2444=DIRECTION('',(-1.,0.,0.));
#2445=DIRECTION('',(0.447213595499958,-7.63574727253713E-17,-0.894427190999916));
#2446=DIRECTION('',(0.,8.53702498020082E-17,-1.));
#2447=DIRECTION('',(0.447213595499958,-7.63574727253713E-17,0.894427190999916));
#2448=DIRECTION('',(-1.,0.,0.));
#2449=DIRECTION('',(0.447213595499958,7.63574727253713E-17,-0.894427190999916));
#2450=DIRECTION('',(0.447213595499958,-7.63574727253713E-17,0.894427190999916));
#2451=DIRECTION('',(-1.,0.,0.));
#2452=DIRECTION('',(0.447213595499958,7.63574727253713E-17,-0.894427190999916));
#2453=DIRECTION('',(0.447213595499958,-7.63574727253713E-17,0.894427190999916));
#2454=DIRECTION('',(-1.,0.,0.));
#2455=DIRECTION('',(0.447213595499958,7.63574727253713E-17,-0.894427190999916));
#2456=DIRECTION('',(0.447213595499958,-7.63574727253713E-17,0.894427190999916));
#2457=DIRECTION('',(-1.,0.,0.));
#2458=DIRECTION('',(0.447213595499958,7.63574727253713E-17,-0.894427190999916));
#2459=DIRECTION('',(0.447213595499958,-7.63574727253713E-17,0.894427190999916));
#2460=DIRECTION('',(1.,0.,0.));
#2461=DIRECTION('',(0.,-8.53702498020082E-17,1.));
#2462=DIRECTION('',(-1.,0.,0.));
#2463=DIRECTION('',(0.,8.53702498020082E-17,-1.));
#2464=DIRECTION('',(1.,0.,0.));
#2465=DIRECTION('',(0.,-8.53702498020082E-17,1.));
#2466=DIRECTION('',(-1.,0.,0.));
#2467=DIRECTION('',(0.,8.53702498020082E-17,-1.));
#2468=DIRECTION('',(1.,0.,0.));
#2469=DIRECTION('',(0.,-8.53702498020082E-17,1.));
#2470=DIRECTION('',(-1.,0.,0.));
#2471=DIRECTION('',(0.,8.53702498020082E-17,-1.));
#2472=DIRECTION('',(1.,0.,0.));
#2473=DIRECTION('',(0.,-8.53702498020082E-17,1.));
#2474=DIRECTION('',(-1.,0.,0.));
#2475=DIRECTION('',(0.,8.53702498020082E-17,-1.));
#2476=DIRECTION('',(1.,0.,0.));
#2477=DIRECTION('',(0.,-8.53702498020082E-17,1.));
#2478=DIRECTION('',(-1.,0.,0.));
#2479=DIRECTION('',(0.,8.53702498020082E-17,-1.));
#2480=DIRECTION('',(0.,-1.,-1.72486709259058E-16));
#2481=DIRECTION('',(0.,1.72486709259058E-16,-1.));
#2482=DIRECTION('',(1.,0.,0.));
#2483=DIRECTION('',(0.,1.72486709259058E-16,-1.));
#2484=DIRECTION('',(-1.,0.,0.));
#2485=DIRECTION('',(0.,-1.72486709259058E-16,1.));
#2486=DIRECTION('',(1.,0.,0.));
#2487=DIRECTION('',(0.,1.72486709259058E-16,-1.));
#2488=DIRECTION('',(-1.,0.,0.));
#2489=DIRECTION('',(0.,-1.72486709259058E-16,1.));
#2490=DIRECTION('',(1.,0.,0.));
#2491=DIRECTION('',(0.,1.72486709259058E-16,-1.));
#2492=DIRECTION('',(-1.,0.,0.));
#2493=DIRECTION('',(0.,-1.72486709259058E-16,1.));
#2494=DIRECTION('',(1.,0.,0.));
#2495=DIRECTION('',(0.,1.72486709259058E-16,-1.));
#2496=DIRECTION('',(-1.,0.,0.));
#2497=DIRECTION('',(0.,-1.72486709259058E-16,1.));
#2498=DIRECTION('',(1.,0.,0.));
#2499=DIRECTION('',(0.,1.72486709259058E-16,-1.));
#2500=DIRECTION('',(-1.,0.,0.));
#2501=DIRECTION('',(0.,-1.72486709259058E-16,1.));
#2502=DIRECTION('',(1.,0.,0.));
#2503=DIRECTION('',(0.447213595499958,-1.54276802847398E-16,0.894427190999916));
#2504=DIRECTION('',(0.,-1.72486709259058E-16,1.));
#2505=DIRECTION('',(-0.447213595499958,-1.54276802847398E-16,0.894427190999916));
#2506=DIRECTION('',(1.,0.,0.));
#2507=DIRECTION('',(-0.447213595499958,1.54276802847398E-16,-0.894427190999916));
#2508=DIRECTION('',(-0.447213595499958,-1.54276802847398E-16,0.894427190999916));
#2509=DIRECTION('',(1.,0.,0.));
#2510=DIRECTION('',(-0.447213595499958,1.54276802847398E-16,-0.894427190999916));
#2511=DIRECTION('',(-0.447213595499958,-1.54276802847398E-16,0.894427190999916));
#2512=DIRECTION('',(1.,0.,0.));
#2513=DIRECTION('',(-0.447213595499958,1.54276802847398E-16,-0.894427190999916));
#2514=DIRECTION('',(-0.447213595499958,-1.54276802847398E-16,0.894427190999916));
#2515=DIRECTION('',(1.,0.,0.));
#2516=DIRECTION('',(-0.447213595499958,1.54276802847398E-16,-0.894427190999916));
#2517=DIRECTION('',(-0.447213595499958,-1.54276802847398E-16,0.894427190999916));
#2518=DIRECTION('',(1.,0.,0.));
#2519=DIRECTION('',(-0.447213595499958,1.54276802847398E-16,-0.894427190999916));
#2520=DIRECTION('',(0.,1.72486709259058E-16,-1.));
#2521=DIRECTION('',(0.447213595499958,1.54276802847398E-16,-0.894427190999916));
#2522=DIRECTION('',(1.,0.,0.));
#2523=DIRECTION('',(0.447213595499958,-1.54276802847398E-16,0.894427190999916));
#2524=DIRECTION('',(0.447213595499958,1.54276802847398E-16,-0.894427190999916));
#2525=DIRECTION('',(1.,0.,0.));
#2526=DIRECTION('',(0.447213595499958,-1.54276802847398E-16,0.894427190999916));
#2527=DIRECTION('',(0.447213595499958,1.54276802847398E-16,-0.894427190999916));
#2528=DIRECTION('',(1.,0.,0.));
#2529=DIRECTION('',(0.447213595499958,-1.54276802847398E-16,0.894427190999916));
#2530=DIRECTION('',(0.447213595499958,1.54276802847398E-16,-0.894427190999916));
#2531=DIRECTION('',(1.,0.,0.));
#2532=DIRECTION('',(0.447213595499958,-1.54276802847398E-16,0.894427190999916));
#2533=DIRECTION('',(0.447213595499958,1.54276802847398E-16,-0.894427190999916));
#2534=DIRECTION('',(1.,0.,0.));
#2535=DIRECTION('',(0.,1.72486709259058E-16,-1.));
#2536=DIRECTION('',(-1.,0.,0.));
#2537=DIRECTION('',(0.,-1.72486709259058E-16,1.));
#2538=DIRECTION('',(1.,0.,0.));
#2539=DIRECTION('',(0.,1.72486709259058E-16,-1.));
#2540=DIRECTION('',(-1.,0.,0.));
#2541=DIRECTION('',(0.,-1.72486709259058E-16,1.));
#2542=DIRECTION('',(1.,0.,0.));
#2543=DIRECTION('',(0.,1.72486709259058E-16,-1.));
#2544=DIRECTION('',(-1.,0.,0.));
#2545=DIRECTION('',(0.,-1.72486709259058E-16,1.));
#2546=DIRECTION('',(1.,0.,0.));
#2547=DIRECTION('',(0.,1.72486709259058E-16,-1.));
#2548=DIRECTION('',(-1.,0.,0.));
#2549=DIRECTION('',(0.,-1.72486709259058E-16,1.));
#2550=DIRECTION('',(1.,0.,0.));
#2551=DIRECTION('',(0.,1.72486709259058E-16,-1.));
#2552=DIRECTION('',(-1.,0.,0.));
#2553=DIRECTION('',(0.,-1.72486709259058E-16,1.));
#2554=DIRECTION('',(0.,-1.,-8.53702498020082E-17));
#2555=DIRECTION('',(0.,8.53702498020082E-17,-1.));
#2556=DIRECTION('',(-0.447213595499958,7.63574727253713E-17,-0.894427190999916));
#2557=DIRECTION('',(1.,0.,0.));
#2558=DIRECTION('',(-0.447213595499958,-7.63574727253713E-17,0.894427190999916));
#2559=DIRECTION('',(-1.,0.,0.));
#2560=DIRECTION('',(0.,-1.,-8.53702498020082E-17));
#2561=DIRECTION('',(0.,8.53702498020082E-17,-1.));
#2562=DIRECTION('',(-0.447213595499958,7.63574727253713E-17,-0.894427190999916));
#2563=DIRECTION('',(1.,0.,0.));
#2564=DIRECTION('',(-0.447213595499958,-7.63574727253713E-17,0.894427190999916));
#2565=DIRECTION('',(-1.,0.,0.));
#2566=DIRECTION('',(0.,-1.,-8.53702498020082E-17));
#2567=DIRECTION('',(0.,8.53702498020082E-17,-1.));
#2568=DIRECTION('',(-0.447213595499958,7.63574727253713E-17,-0.894427190999916));
#2569=DIRECTION('',(1.,0.,0.));
#2570=DIRECTION('',(-0.447213595499958,-7.63574727253713E-17,0.894427190999916));
#2571=DIRECTION('',(-1.,0.,0.));
#2572=DIRECTION('',(0.,-1.,-8.53702498020082E-17));
#2573=DIRECTION('',(0.,8.53702498020082E-17,-1.));
#2574=DIRECTION('',(-0.447213595499958,7.63574727253713E-17,-0.894427190999916));
#2575=DIRECTION('',(1.,0.,0.));
#2576=DIRECTION('',(-0.447213595499958,-7.63574727253713E-17,0.894427190999916));
#2577=DIRECTION('',(-1.,0.,0.));
#2578=DIRECTION('',(0.,-1.,-8.53702498020082E-17));
#2579=DIRECTION('',(0.,8.53702498020082E-17,-1.));
#2580=DIRECTION('',(-0.447213595499958,7.63574727253713E-17,-0.894427190999916));
#2581=DIRECTION('',(1.,0.,0.));
#2582=DIRECTION('',(-0.447213595499958,-7.63574727253713E-17,0.894427190999916));
#2583=DIRECTION('',(-1.,0.,0.));
#2584=DIRECTION('',(0.,-1.,-8.53702498020082E-17));
#2585=DIRECTION('',(0.,8.53702498020082E-17,-1.));
#2586=DIRECTION('',(-0.447213595499958,-7.63574727253713E-17,-0.894427190999916));
#2587=DIRECTION('',(1.,0.,0.));
#2588=DIRECTION('',(-0.447213595499958,7.63574727253713E-17,0.894427190999916));
#2589=DIRECTION('',(-1.,0.,0.));
#2590=DIRECTION('',(0.,-1.,-8.53702498020082E-17));
#2591=DIRECTION('',(0.,8.53702498020082E-17,-1.));
#2592=DIRECTION('',(-0.447213595499958,-7.63574727253713E-17,-0.894427190999916));
#2593=DIRECTION('',(1.,0.,0.));
#2594=DIRECTION('',(-0.447213595499958,7.63574727253713E-17,0.894427190999916));
#2595=DIRECTION('',(-1.,0.,0.));
#2596=DIRECTION('',(0.,-1.,-8.53702498020082E-17));
#2597=DIRECTION('',(0.,8.53702498020082E-17,-1.));
#2598=DIRECTION('',(-0.447213595499958,-7.63574727253713E-17,-0.894427190999916));
#2599=DIRECTION('',(1.,0.,0.));
#2600=DIRECTION('',(-0.447213595499958,7.63574727253713E-17,0.894427190999916));
#2601=DIRECTION('',(-1.,0.,0.));
#2602=DIRECTION('',(0.,-1.,-8.53702498020082E-17));
#2603=DIRECTION('',(0.,8.53702498020082E-17,-1.));
#2604=DIRECTION('',(-0.447213595499958,-7.63574727253713E-17,-0.894427190999916));
#2605=DIRECTION('',(1.,0.,0.));
#2606=DIRECTION('',(-0.447213595499958,7.63574727253713E-17,0.894427190999916));
#2607=DIRECTION('',(-1.,0.,0.));
#2608=DIRECTION('',(0.,-1.,-8.53702498020082E-17));
#2609=DIRECTION('',(0.,8.53702498020082E-17,-1.));
#2610=DIRECTION('',(-0.447213595499958,-7.63574727253713E-17,-0.894427190999916));
#2611=DIRECTION('',(1.,0.,0.));
#2612=DIRECTION('',(-0.447213595499958,7.63574727253713E-17,0.894427190999916));
#2613=DIRECTION('',(-1.,0.,0.));
#2614=DIRECTION('',(-1.,0.,0.));
#2615=DIRECTION('',(0.,0.,1.));
#2616=DIRECTION('',(0.,1.,-8.53702498020082E-17));
#2617=DIRECTION('',(0.,1.,8.53702498020082E-17));
#2618=DIRECTION('',(-1.,0.,0.));
#2619=DIRECTION('',(0.,0.,1.));
#2620=DIRECTION('',(0.,1.,-8.53702498020082E-17));
#2621=DIRECTION('',(0.,1.,8.53702498020082E-17));
#2622=DIRECTION('',(-0.894427190999916,-3.81787363626856E-17,0.447213595499958));
#2623=DIRECTION('',(0.447213595499958,0.,0.894427190999916));
#2624=DIRECTION('',(5.37834951422887E-16,-1.,9.90299653043766E-16));
#2625=DIRECTION('',(0.,1.,8.53702498020081E-17));
#2626=DIRECTION('',(0.894427190999916,-3.81787363626856E-17,0.447213595499958));
#2627=DIRECTION('',(0.447213595499958,0.,-0.894427190999916));
#2628=DIRECTION('',(5.37834951422887E-16,1.,-9.90299653043766E-16));
#2629=DIRECTION('',(0.,1.,8.53702498020082E-17));
#2630=DIRECTION('',(-1.28055374703012E-16,1.,3.41480999208033E-16));
#2631=DIRECTION('',(-0.894427190999916,-3.81787363626856E-17,0.447213595499958));
#2632=DIRECTION('',(0.447213595499958,0.,0.894427190999916));
#2633=DIRECTION('',(5.37834951422887E-16,-1.,9.90299653043766E-16));
#2634=DIRECTION('',(-1.28055374703012E-16,-1.,-3.41480999208033E-16));
#2635=DIRECTION('',(0.894427190999916,-3.81787363626856E-17,0.447213595499958));
#2636=DIRECTION('',(0.447213595499958,0.,-0.894427190999916));
#2637=DIRECTION('',(5.37834951422887E-16,1.,-9.90299653043766E-16));
#2638=DIRECTION('',(0.,1.,8.53702498020082E-17));
#2639=DIRECTION('',(-1.28055374703012E-16,1.,3.41480999208033E-16));
#2640=DIRECTION('',(-0.894427190999916,-3.81787363626856E-17,0.447213595499958));
#2641=DIRECTION('',(0.447213595499958,0.,0.894427190999916));
#2642=DIRECTION('',(5.37834951422887E-16,-1.,9.90299653043766E-16));
#2643=DIRECTION('',(-1.28055374703012E-16,-1.,-3.41480999208033E-16));
#2644=DIRECTION('',(0.894427190999916,-3.81787363626856E-17,0.447213595499958));
#2645=DIRECTION('',(0.447213595499958,0.,-0.894427190999916));
#2646=DIRECTION('',(5.37834951422887E-16,1.,-9.90299653043766E-16));
#2647=DIRECTION('',(0.,1.,8.53702498020082E-17));
#2648=DIRECTION('',(-1.28055374703012E-16,1.,3.41480999208033E-16));
#2649=DIRECTION('',(-0.894427190999916,-3.81787363626856E-17,0.447213595499958));
#2650=DIRECTION('',(0.447213595499958,0.,0.894427190999916));
#2651=DIRECTION('',(5.37834951422887E-16,-1.,9.90299653043766E-16));
#2652=DIRECTION('',(-1.28055374703012E-16,-1.,-3.41480999208033E-16));
#2653=DIRECTION('',(0.894427190999916,-3.81787363626856E-17,0.447213595499958));
#2654=DIRECTION('',(0.447213595499958,0.,-0.894427190999916));
#2655=DIRECTION('',(5.37834951422887E-16,1.,-9.90299653043766E-16));
#2656=DIRECTION('',(0.,1.,8.53702498020082E-17));
#2657=DIRECTION('',(-1.28055374703012E-16,1.,3.41480999208033E-16));
#2658=DIRECTION('',(-0.894427190999916,-3.81787363626856E-17,0.447213595499958));
#2659=DIRECTION('',(0.447213595499958,0.,0.894427190999916));
#2660=DIRECTION('',(5.37834951422887E-16,-1.,9.90299653043766E-16));
#2661=DIRECTION('',(-1.28055374703012E-16,-1.,-3.41480999208033E-16));
#2662=DIRECTION('',(0.894427190999916,-3.81787363626856E-17,0.447213595499958));
#2663=DIRECTION('',(0.447213595499958,0.,-0.894427190999916));
#2664=DIRECTION('',(5.37834951422887E-16,1.,-9.90299653043766E-16));
#2665=DIRECTION('',(0.,1.,8.53702498020082E-17));
#2666=DIRECTION('',(-0.894427190999916,-3.81787363626856E-17,-0.447213595499958));
#2667=DIRECTION('',(0.447213595499958,0.,-0.894427190999916));
#2668=DIRECTION('',(-5.37834951422887E-16,1.,9.90299653043766E-16));
#2669=DIRECTION('',(0.,1.,-8.53702498020081E-17));
#2670=DIRECTION('',(0.894427190999916,-3.81787363626856E-17,-0.447213595499958));
#2671=DIRECTION('',(0.447213595499958,0.,0.894427190999916));
#2672=DIRECTION('',(0.,1.,-8.53702498020082E-17));
#2673=DIRECTION('',(-5.37834951422887E-16,-1.,-9.90299653043766E-16));
#2674=DIRECTION('',(-1.28055374703012E-16,1.,-3.41480999208033E-16));
#2675=DIRECTION('',(-0.894427190999916,-3.81787363626856E-17,-0.447213595499958));
#2676=DIRECTION('',(0.447213595499958,0.,-0.894427190999916));
#2677=DIRECTION('',(-5.37834951422887E-16,1.,9.90299653043766E-16));
#2678=DIRECTION('',(-1.28055374703012E-16,-1.,3.41480999208033E-16));
#2679=DIRECTION('',(0.894427190999916,-3.81787363626856E-17,-0.447213595499958));
#2680=DIRECTION('',(0.447213595499958,0.,0.894427190999916));
#2681=DIRECTION('',(0.,1.,-8.53702498020082E-17));
#2682=DIRECTION('',(-5.37834951422887E-16,-1.,-9.90299653043766E-16));
#2683=DIRECTION('',(-1.28055374703012E-16,1.,-3.41480999208033E-16));
#2684=DIRECTION('',(-0.894427190999916,-3.81787363626856E-17,-0.447213595499958));
#2685=DIRECTION('',(0.447213595499958,0.,-0.894427190999916));
#2686=DIRECTION('',(-5.37834951422887E-16,1.,9.90299653043766E-16));
#2687=DIRECTION('',(-1.28055374703012E-16,-1.,3.41480999208033E-16));
#2688=DIRECTION('',(0.894427190999916,-3.81787363626856E-17,-0.447213595499958));
#2689=DIRECTION('',(0.447213595499958,0.,0.894427190999916));
#2690=DIRECTION('',(0.,1.,-8.53702498020082E-17));
#2691=DIRECTION('',(-5.37834951422887E-16,-1.,-9.90299653043766E-16));
#2692=DIRECTION('',(-1.28055374703012E-16,1.,-3.41480999208033E-16));
#2693=DIRECTION('',(-0.894427190999916,-3.81787363626856E-17,-0.447213595499958));
#2694=DIRECTION('',(0.447213595499958,0.,-0.894427190999916));
#2695=DIRECTION('',(-5.37834951422887E-16,1.,9.90299653043766E-16));
#2696=DIRECTION('',(-1.28055374703012E-16,-1.,3.41480999208033E-16));
#2697=DIRECTION('',(0.894427190999916,-3.81787363626856E-17,-0.447213595499958));
#2698=DIRECTION('',(0.447213595499958,0.,0.894427190999916));
#2699=DIRECTION('',(0.,1.,-8.53702498020082E-17));
#2700=DIRECTION('',(-5.37834951422887E-16,-1.,-9.90299653043766E-16));
#2701=DIRECTION('',(-1.28055374703012E-16,1.,-3.41480999208033E-16));
#2702=DIRECTION('',(-0.894427190999916,-3.81787363626856E-17,-0.447213595499958));
#2703=DIRECTION('',(0.447213595499958,0.,-0.894427190999916));
#2704=DIRECTION('',(-5.37834951422887E-16,1.,9.90299653043766E-16));
#2705=DIRECTION('',(-1.28055374703012E-16,-1.,3.41480999208033E-16));
#2706=DIRECTION('',(0.894427190999916,-3.81787363626856E-17,-0.447213595499958));
#2707=DIRECTION('',(0.447213595499958,0.,0.894427190999916));
#2708=DIRECTION('',(-5.37834951422887E-16,-1.,-9.90299653043766E-16));
#2709=DIRECTION('',(0.,1.,-8.53702498020082E-17));
#2710=DIRECTION('',(0.,-3.41480999208033E-16,1.));
#2711=DIRECTION('',(0.,-1.,-3.41480999208033E-16));
#2712=DIRECTION('',(0.,-3.41480999208033E-16,1.));
#2713=DIRECTION('',(0.,-1.,-3.41480999208033E-16));
#2714=DIRECTION('',(0.,-3.41480999208033E-16,1.));
#2715=DIRECTION('',(0.,-1.,-3.41480999208033E-16));
#2716=DIRECTION('',(0.,-3.41480999208033E-16,1.));
#2717=DIRECTION('',(0.,-1.,-3.41480999208033E-16));
#2718=DIRECTION('',(0.,-3.41480999208033E-16,1.));
#2719=DIRECTION('',(0.,-1.,-3.41480999208033E-16));
#2720=DIRECTION('',(0.,-3.41480999208033E-16,-1.));
#2721=DIRECTION('',(0.,-1.,3.41480999208033E-16));
#2722=DIRECTION('',(0.,-3.41480999208033E-16,-1.));
#2723=DIRECTION('',(0.,-1.,3.41480999208033E-16));
#2724=DIRECTION('',(0.,-3.41480999208033E-16,-1.));
#2725=DIRECTION('',(0.,-1.,3.41480999208033E-16));
#2726=DIRECTION('',(0.,-3.41480999208033E-16,-1.));
#2727=DIRECTION('',(0.,-1.,3.41480999208033E-16));
#2728=DIRECTION('',(0.,-3.41480999208033E-16,-1.));
#2729=DIRECTION('',(0.,-1.,3.41480999208033E-16));
#2730=DIRECTION('',(0.,-9.90299653043766E-16,-1.));
#2731=DIRECTION('',(0.,1.,-9.90299653043766E-16));
#2732=DIRECTION('',(0.,-9.90299653043766E-16,-1.));
#2733=DIRECTION('',(0.,1.,-9.90299653043766E-16));
#2734=DIRECTION('',(0.,-9.90299653043766E-16,-1.));
#2735=DIRECTION('',(0.,1.,-9.90299653043766E-16));
#2736=DIRECTION('',(0.,-9.90299653043766E-16,-1.));
#2737=DIRECTION('',(0.,1.,-9.90299653043766E-16));
#2738=DIRECTION('',(0.,-9.90299653043766E-16,-1.));
#2739=DIRECTION('',(0.,1.,-9.90299653043766E-16));
#2740=DIRECTION('',(0.,-9.90299653043766E-16,1.));
#2741=DIRECTION('',(0.,-1.,-9.90299653043766E-16));
#2742=DIRECTION('',(0.,-9.90299653043766E-16,1.));
#2743=DIRECTION('',(0.,-1.,-9.90299653043766E-16));
#2744=DIRECTION('',(0.,-9.90299653043766E-16,1.));
#2745=DIRECTION('',(0.,-1.,-9.90299653043766E-16));
#2746=DIRECTION('',(0.,-9.90299653043766E-16,1.));
#2747=DIRECTION('',(0.,-1.,-9.90299653043766E-16));
#2748=DIRECTION('',(0.,-9.90299653043766E-16,1.));
#2749=DIRECTION('',(0.,-1.,-9.90299653043766E-16));
#2750=DIRECTION('',(-1.,0.,0.));
#2751=DIRECTION('',(0.,0.,1.));
#2752=DIRECTION('',(0.,1.,8.53702498020082E-17));
#2753=DIRECTION('',(0.,1.,8.53702498020082E-17));
#2754=DIRECTION('',(0.,8.53702498020082E-17,-1.));
#2755=DIRECTION('',(0.,1.,8.53702498020082E-17));
#2756=DIRECTION('',(0.,1.,8.53702498020082E-17));
#2757=DIRECTION('',(1.,0.,0.));
#2758=DIRECTION('',(0.,0.,-1.));
#2759=DIRECTION('',(0.,1.,8.53702498020082E-17));
#2760=DIRECTION('',(0.,-8.53702498020082E-17,1.));
#2761=DIRECTION('',(0.,-1.,-8.53702498020082E-17));
#2762=DIRECTION('',(-1.,0.,0.));
#2763=DIRECTION('',(0.,0.,1.));
#2764=DIRECTION('',(0.,1.,8.53702498020082E-17));
#2765=DIRECTION('',(0.,1.,8.53702498020082E-17));
#2766=DIRECTION('',(0.,8.53702498020082E-17,-1.));
#2767=DIRECTION('',(0.,1.,8.53702498020082E-17));
#2768=DIRECTION('',(0.,1.,8.53702498020082E-17));
#2769=DIRECTION('',(1.,0.,0.));
#2770=DIRECTION('',(0.,0.,-1.));
#2771=DIRECTION('',(0.,1.,8.53702498020082E-17));
#2772=DIRECTION('',(0.,-8.53702498020082E-17,1.));
#2773=DIRECTION('',(0.,-1.,-8.53702498020082E-17));
#2774=DIRECTION('',(-1.,0.,0.));
#2775=DIRECTION('',(0.,0.,1.));
#2776=DIRECTION('',(0.,1.,8.53702498020082E-17));
#2777=DIRECTION('',(0.,1.,8.53702498020082E-17));
#2778=DIRECTION('',(0.,8.53702498020082E-17,-1.));
#2779=DIRECTION('',(0.,1.,8.53702498020082E-17));
#2780=DIRECTION('',(0.,1.,8.53702498020082E-17));
#2781=DIRECTION('',(1.,0.,0.));
#2782=DIRECTION('',(0.,0.,-1.));
#2783=DIRECTION('',(0.,1.,8.53702498020082E-17));
#2784=DIRECTION('',(0.,-8.53702498020082E-17,1.));
#2785=DIRECTION('',(0.,-1.,-8.53702498020082E-17));
#2786=DIRECTION('',(-1.,0.,0.));
#2787=DIRECTION('',(0.,0.,1.));
#2788=DIRECTION('',(0.,1.,8.53702498020082E-17));
#2789=DIRECTION('',(0.,1.,8.53702498020082E-17));
#2790=DIRECTION('',(0.,8.53702498020082E-17,-1.));
#2791=DIRECTION('',(0.,1.,8.53702498020082E-17));
#2792=DIRECTION('',(0.,1.,8.53702498020082E-17));
#2793=DIRECTION('',(1.,0.,0.));
#2794=DIRECTION('',(0.,0.,-1.));
#2795=DIRECTION('',(0.,1.,8.53702498020082E-17));
#2796=DIRECTION('',(0.,-8.53702498020082E-17,1.));
#2797=DIRECTION('',(0.,-1.,-8.53702498020082E-17));
#2798=DIRECTION('',(-1.,0.,0.));
#2799=DIRECTION('',(0.,0.,1.));
#2800=DIRECTION('',(0.,1.,8.53702498020082E-17));
#2801=DIRECTION('',(0.,1.,8.53702498020082E-17));
#2802=DIRECTION('',(0.,8.53702498020082E-17,-1.));
#2803=DIRECTION('',(0.,1.,8.53702498020082E-17));
#2804=DIRECTION('',(0.,1.,8.53702498020082E-17));
#2805=DIRECTION('',(1.,0.,0.));
#2806=DIRECTION('',(0.,0.,-1.));
#2807=DIRECTION('',(0.,1.,8.53702498020082E-17));
#2808=DIRECTION('',(0.,-8.53702498020082E-17,1.));
#2809=DIRECTION('',(0.,-1.,-8.53702498020082E-17));
#2810=DIRECTION('',(-1.,0.,0.));
#2811=DIRECTION('',(0.,0.,1.));
#2812=DIRECTION('',(0.,1.,8.53702498020082E-17));
#2813=DIRECTION('',(0.,1.,8.53702498020082E-17));
#2814=DIRECTION('',(0.,8.53702498020082E-17,-1.));
#2815=DIRECTION('',(0.,1.,8.53702498020082E-17));
#2816=DIRECTION('',(0.,1.,8.53702498020082E-17));
#2817=DIRECTION('',(1.,0.,0.));
#2818=DIRECTION('',(0.,0.,-1.));
#2819=DIRECTION('',(0.,1.,8.53702498020082E-17));
#2820=DIRECTION('',(0.,-8.53702498020082E-17,1.));
#2821=DIRECTION('',(0.,-1.,-8.53702498020082E-17));
#2822=DIRECTION('',(-1.,0.,0.));
#2823=DIRECTION('',(0.,0.,1.));
#2824=DIRECTION('',(0.,1.,8.53702498020082E-17));
#2825=DIRECTION('',(0.,1.,8.53702498020082E-17));
#2826=DIRECTION('',(0.,8.53702498020082E-17,-1.));
#2827=DIRECTION('',(0.,1.,8.53702498020082E-17));
#2828=DIRECTION('',(0.,1.,8.53702498020082E-17));
#2829=DIRECTION('',(1.,0.,0.));
#2830=DIRECTION('',(0.,0.,-1.));
#2831=DIRECTION('',(0.,1.,8.53702498020082E-17));
#2832=DIRECTION('',(0.,-8.53702498020082E-17,1.));
#2833=DIRECTION('',(0.,-1.,-8.53702498020082E-17));
#2834=DIRECTION('',(-1.,0.,0.));
#2835=DIRECTION('',(0.,0.,1.));
#2836=DIRECTION('',(0.,1.,8.53702498020082E-17));
#2837=DIRECTION('',(0.,1.,8.53702498020082E-17));
#2838=DIRECTION('',(0.,8.53702498020082E-17,-1.));
#2839=DIRECTION('',(0.,1.,8.53702498020082E-17));
#2840=DIRECTION('',(0.,1.,8.53702498020082E-17));
#2841=DIRECTION('',(1.,0.,0.));
#2842=DIRECTION('',(0.,0.,-1.));
#2843=DIRECTION('',(0.,1.,8.53702498020082E-17));
#2844=DIRECTION('',(0.,-8.53702498020082E-17,1.));
#2845=DIRECTION('',(0.,-1.,-8.53702498020082E-17));
#2846=DIRECTION('',(-1.,0.,0.));
#2847=DIRECTION('',(0.,0.,1.));
#2848=DIRECTION('',(0.,1.,8.53702498020082E-17));
#2849=DIRECTION('',(0.,1.,8.53702498020082E-17));
#2850=DIRECTION('',(0.,8.53702498020082E-17,-1.));
#2851=DIRECTION('',(0.,1.,8.53702498020082E-17));
#2852=DIRECTION('',(0.,1.,8.53702498020082E-17));
#2853=DIRECTION('',(1.,0.,0.));
#2854=DIRECTION('',(0.,0.,-1.));
#2855=DIRECTION('',(0.,1.,8.53702498020082E-17));
#2856=DIRECTION('',(0.,-8.53702498020082E-17,1.));
#2857=DIRECTION('',(0.,-1.,-8.53702498020082E-17));
#2858=DIRECTION('',(-1.,0.,0.));
#2859=DIRECTION('',(0.,0.,1.));
#2860=DIRECTION('',(0.,1.,8.53702498020082E-17));
#2861=DIRECTION('',(0.,1.,8.53702498020082E-17));
#2862=DIRECTION('',(0.,8.53702498020082E-17,-1.));
#2863=DIRECTION('',(0.,1.,8.53702498020082E-17));
#2864=DIRECTION('',(0.,1.,8.53702498020082E-17));
#2865=DIRECTION('',(1.,0.,0.));
#2866=DIRECTION('',(0.,0.,-1.));
#2867=DIRECTION('',(0.,1.,8.53702498020082E-17));
#2868=DIRECTION('',(0.,-8.53702498020082E-17,1.));
#2869=DIRECTION('',(0.,-1.,-8.53702498020082E-17));
#2870=DIRECTION('',(0.,0.,1.));
#2871=DIRECTION('',(1.,0.,0.));
#2872=DIRECTION('',(0.,0.,-1.));
#2873=DIRECTION('',(-1.,0.,0.));
#2874=DIRECTION('',(0.,1.,0.));
#2875=DIRECTION('',(-1.,0.,0.));
#2876=DIRECTION('',(0.,-1.,0.));
#2877=DIRECTION('',(1.,0.,0.));
#2878=DIRECTION('',(1.,0.,-7.51613291151129E-17));
#2879=DIRECTION('',(-7.51613291151129E-17,0.,-1.));
#2880=DIRECTION('',(-7.51613291151129E-17,0.,-1.));
#2881=DIRECTION('',(0.,-1.,0.));
#2882=DIRECTION('',(-7.51613291151129E-17,0.,-1.));
#2883=DIRECTION('',(0.,1.,0.));
#2884=DIRECTION('',(-8.13151629364136E-15,0.,1.));
#2885=DIRECTION('',(1.,0.,8.13151629364136E-15));
#2886=DIRECTION('',(0.,-1.,0.));
#2887=DIRECTION('',(-1.,0.,-8.13151629364136E-15));
#2888=DIRECTION('',(0.,1.,0.));
#2889=DIRECTION('',(1.,0.,8.13151629364136E-15));
#2890=DIRECTION('',(-1.,0.,0.));
#2891=DIRECTION('',(0.,0.,1.));
#2892=DIRECTION('',(0.,0.,1.));
#2893=DIRECTION('',(0.,1.,0.));
#2894=DIRECTION('',(0.,0.,1.));
#2895=DIRECTION('',(0.,-1.,0.));
#2896=DIRECTION('',(0.,-1.,0.));
#2897=DIRECTION('',(0.,0.,-1.));
#2898=DIRECTION('',(1.,0.,8.13151629364136E-15));
#2899=DIRECTION('',(-1.,0.,0.));
#2900=DIRECTION('',(0.,-1.,0.));
#2901=DIRECTION('',(0.,0.,-1.));
#2902=DIRECTION('',(-1.,0.,-8.13151629364136E-15));
#2903=DIRECTION('',(1.,0.,0.));
#2904=DIRECTION('',(-5.74985031256271E-15,-0.707106781186547,0.707106781186548));
#2905=DIRECTION('',(1.,0.,8.13151629364136E-15));
#2906=DIRECTION('',(0.577350269189625,0.577350269189625,0.577350269189628));
#2907=DIRECTION('',(-0.577350269189626,0.577350269189629,0.577350269189623));
#2908=DIRECTION('',(0.707106781186546,0.,0.707106781186549));
#2909=DIRECTION('',(0.,1.,0.));
#2910=DIRECTION('',(0.577350269189626,0.577350269189629,-0.577350269189623));
#2911=DIRECTION('',(-0.70710678118655,0.,0.707106781186545));
#2912=DIRECTION('',(0.,1.,0.));
#2913=DIRECTION('',(0.577350269189624,-0.577350269189625,0.577350269189628));
#2914=DIRECTION('',(5.74985031256271E-15,-0.707106781186547,-0.707106781186548));
#2915=DIRECTION('',(-1.,0.,-8.13151629364136E-15));
#2916=DIRECTION('',(0.,-0.707106781186547,0.707106781186548));
#2917=DIRECTION('',(1.,0.,0.));
#2918=DIRECTION('',(0.577350269189626,0.577350269189626,0.577350269189625));
#2919=DIRECTION('',(-0.577350269189621,0.577350269189629,0.577350269189628));
#2920=DIRECTION('',(-0.707106781186552,0.,-0.707106781186543));
#2921=DIRECTION('',(0.,1.,0.));
#2922=DIRECTION('',(-0.577350269189621,-0.577350269189629,0.577350269189628));
#2923=DIRECTION('',(0.707106781186547,0.,-0.707106781186548));
#2924=DIRECTION('',(0.,1.,0.));
#2925=DIRECTION('',(-0.577350269189626,0.577350269189626,-0.577350269189625));
#2926=DIRECTION('',(0.,-0.707106781186547,-0.707106781186548));
#2927=DIRECTION('',(-1.,0.,0.));
#2928=DIRECTION('',(3.88578058618805E-16,-1.,-2.22044604925031E-16));
#2929=DIRECTION('',(1.,3.88578058618805E-16,-2.77555756156289E-16));
#2930=DIRECTION('',(3.88578058618805E-16,-1.,-2.22044604925031E-16));
#2931=DIRECTION('',(1.,3.88578058618805E-16,-2.77555756156289E-16));
#2932=DIRECTION('',(3.88578058618805E-16,-1.,-2.22044604925031E-16));
#2933=DIRECTION('',(1.,3.88578058618805E-16,-2.77555756156289E-16));
#2934=DIRECTION('',(3.88578058618805E-16,-1.,-2.22044604925031E-16));
#2935=DIRECTION('',(1.,3.88578058618805E-16,-2.77555756156289E-16));
#2936=DIRECTION('',(3.88578058618805E-16,-1.,-2.22044604925031E-16));
#2937=DIRECTION('',(1.,3.88578058618805E-16,-2.77555756156289E-16));
#2938=DIRECTION('',(3.88578058618805E-16,-1.,-2.22044604925031E-16));
#2939=DIRECTION('',(1.,3.88578058618805E-16,-2.77555756156289E-16));
#2940=DIRECTION('',(3.88578058618805E-16,-1.,-2.22044604925031E-16));
#2941=DIRECTION('',(1.,3.88578058618805E-16,-2.77555756156289E-16));
#2942=DIRECTION('',(3.88578058618805E-16,-1.,-2.22044604925031E-16));
#2943=DIRECTION('',(1.,3.88578058618805E-16,-2.77555756156289E-16));
#2944=DIRECTION('',(3.88578058618805E-16,-1.,-2.22044604925031E-16));
#2945=DIRECTION('',(1.,3.88578058618805E-16,-2.77555756156289E-16));
#2946=DIRECTION('',(3.88578058618805E-16,-1.,-2.22044604925031E-16));
#2947=DIRECTION('',(1.,3.88578058618805E-16,-2.77555756156289E-16));
#2948=CARTESIAN_POINT('',(0.,0.,0.));
#2949=CARTESIAN_POINT('',(6.35,1.27,1.27));
#2950=CARTESIAN_POINT('',(4.76,1.27,-0.319999999999998));
#2951=CARTESIAN_POINT('',(4.76,1.27,-0.319999999999998));
#2952=CARTESIAN_POINT('',(5.4,1.27,-0.319999999999998));
#2953=CARTESIAN_POINT('',(5.4,1.27,-0.319999999999998));
#2954=CARTESIAN_POINT('',(5.4,1.27,0.320000000000005));
#2955=CARTESIAN_POINT('',(5.4,1.27,0.320000000000005));
#2956=CARTESIAN_POINT('',(4.76,1.27,0.320000000000005));
#2957=CARTESIAN_POINT('',(4.76,1.27,0.320000000000005));
#2958=CARTESIAN_POINT('',(2.22,1.27,-0.319999999999998));
#2959=CARTESIAN_POINT('',(2.22,1.27,-0.319999999999998));
#2960=CARTESIAN_POINT('',(2.86,1.27,-0.319999999999998));
#2961=CARTESIAN_POINT('',(2.86,1.27,-0.319999999999998));
#2962=CARTESIAN_POINT('',(2.86,1.27,0.320000000000005));
#2963=CARTESIAN_POINT('',(2.86,1.27,0.320000000000005));
#2964=CARTESIAN_POINT('',(2.22,1.27,0.320000000000005));
#2965=CARTESIAN_POINT('',(2.22,1.27,0.320000000000005));
#2966=CARTESIAN_POINT('',(-0.32,1.27,-0.319999999999998));
#2967=CARTESIAN_POINT('',(-0.32,1.27,-0.319999999999998));
#2968=CARTESIAN_POINT('',(0.32,1.27,-0.319999999999998));
#2969=CARTESIAN_POINT('',(0.32,1.27,-0.319999999999998));
#2970=CARTESIAN_POINT('',(0.32,1.27,0.320000000000005));
#2971=CARTESIAN_POINT('',(0.32,1.27,0.320000000000005));
#2972=CARTESIAN_POINT('',(-0.32,1.27,0.320000000000005));
#2973=CARTESIAN_POINT('',(-0.32,1.27,0.320000000000005));
#2974=CARTESIAN_POINT('',(-2.86,1.27,-0.319999999999998));
#2975=CARTESIAN_POINT('',(-2.86,1.27,-0.319999999999998));
#2976=CARTESIAN_POINT('',(-2.22,1.27,-0.319999999999998));
#2977=CARTESIAN_POINT('',(-2.22,1.27,-0.319999999999998));
#2978=CARTESIAN_POINT('',(-2.22,1.27,0.320000000000005));
#2979=CARTESIAN_POINT('',(-2.22,1.27,0.320000000000005));
#2980=CARTESIAN_POINT('',(-2.86,1.27,0.320000000000005));
#2981=CARTESIAN_POINT('',(-2.86,1.27,0.320000000000005));
#2982=CARTESIAN_POINT('',(-5.4,1.27,-0.319999999999998));
#2983=CARTESIAN_POINT('',(-5.4,1.27,-0.319999999999998));
#2984=CARTESIAN_POINT('',(-4.76,1.27,-0.319999999999998));
#2985=CARTESIAN_POINT('',(-4.76,1.27,-0.319999999999998));
#2986=CARTESIAN_POINT('',(-4.76,1.27,0.320000000000005));
#2987=CARTESIAN_POINT('',(-4.76,1.27,0.320000000000005));
#2988=CARTESIAN_POINT('',(-5.4,1.27,0.320000000000005));
#2989=CARTESIAN_POINT('',(-5.4,1.27,0.320000000000005));
#2990=CARTESIAN_POINT('',(6.35,1.27,1.27));
#2991=CARTESIAN_POINT('',(6.1,1.27,1.27));
#2992=CARTESIAN_POINT('',(4.06,1.27,1.27));
#2993=CARTESIAN_POINT('',(6.1,1.27,1.27));
#2994=CARTESIAN_POINT('',(6.35,1.27,0.770000000000001));
#2995=CARTESIAN_POINT('',(6.35,1.27,1.27));
#2996=CARTESIAN_POINT('',(6.35,1.27,-3.31));
#2997=CARTESIAN_POINT('',(6.1,1.27,-3.81));
#2998=CARTESIAN_POINT('',(6.1,1.27,-3.81));
#2999=CARTESIAN_POINT('',(6.35,1.27,-3.81));
#3000=CARTESIAN_POINT('',(4.06,1.27,-3.81));
#3001=CARTESIAN_POINT('',(3.81,1.27,-3.31));
#3002=CARTESIAN_POINT('',(3.81,1.27,-3.31));
#3003=CARTESIAN_POINT('',(3.56,1.27,-3.81));
#3004=CARTESIAN_POINT('',(3.56,1.27,-3.81));
#3005=CARTESIAN_POINT('',(6.35,1.27,-3.81));
#3006=CARTESIAN_POINT('',(1.52,1.27,-3.81));
#3007=CARTESIAN_POINT('',(1.27,1.27,-3.31));
#3008=CARTESIAN_POINT('',(1.27,1.27,-3.31));
#3009=CARTESIAN_POINT('',(1.02,1.27,-3.81));
#3010=CARTESIAN_POINT('',(1.02,1.27,-3.81));
#3011=CARTESIAN_POINT('',(6.35,1.27,-3.81));
#3012=CARTESIAN_POINT('',(-1.02,1.27,-3.81));
#3013=CARTESIAN_POINT('',(-1.27,1.27,-3.31));
#3014=CARTESIAN_POINT('',(-1.27,1.27,-3.31));
#3015=CARTESIAN_POINT('',(-1.52,1.27,-3.81));
#3016=CARTESIAN_POINT('',(-1.52,1.27,-3.81));
#3017=CARTESIAN_POINT('',(6.35,1.27,-3.81));
#3018=CARTESIAN_POINT('',(-3.56,1.27,-3.81));
#3019=CARTESIAN_POINT('',(-3.81,1.27,-3.31));
#3020=CARTESIAN_POINT('',(-3.81,1.27,-3.31));
#3021=CARTESIAN_POINT('',(-4.06,1.27,-3.81));
#3022=CARTESIAN_POINT('',(-4.06,1.27,-3.81));
#3023=CARTESIAN_POINT('',(6.35,1.27,-3.81));
#3024=CARTESIAN_POINT('',(-6.1,1.27,-3.81));
#3025=CARTESIAN_POINT('',(-6.35,1.27,-3.31));
#3026=CARTESIAN_POINT('',(-6.35,1.27,-3.31));
#3027=CARTESIAN_POINT('',(-6.35,1.27,1.27));
#3028=CARTESIAN_POINT('',(-6.35,1.27,0.770000000000001));
#3029=CARTESIAN_POINT('',(-6.35,1.27,0.770000000000001));
#3030=CARTESIAN_POINT('',(-6.1,1.27,1.27));
#3031=CARTESIAN_POINT('',(6.35,1.27,1.27));
#3032=CARTESIAN_POINT('',(-4.06,1.27,1.27));
#3033=CARTESIAN_POINT('',(-4.06,1.27,1.27));
#3034=CARTESIAN_POINT('',(-3.81,1.27,0.770000000000001));
#3035=CARTESIAN_POINT('',(-3.81,1.27,0.770000000000001));
#3036=CARTESIAN_POINT('',(-3.56,1.27,1.27));
#3037=CARTESIAN_POINT('',(6.35,1.27,1.27));
#3038=CARTESIAN_POINT('',(-1.52,1.27,1.27));
#3039=CARTESIAN_POINT('',(-1.52,1.27,1.27));
#3040=CARTESIAN_POINT('',(-1.27,1.27,0.77));
#3041=CARTESIAN_POINT('',(-1.27,1.27,0.770000000000001));
#3042=CARTESIAN_POINT('',(-1.02,1.27,1.27));
#3043=CARTESIAN_POINT('',(6.35,1.27,1.27));
#3044=CARTESIAN_POINT('',(1.02,1.27,1.27));
#3045=CARTESIAN_POINT('',(1.02,1.27,1.27));
#3046=CARTESIAN_POINT('',(1.27,1.27,0.77));
#3047=CARTESIAN_POINT('',(1.27,1.27,0.770000000000001));
#3048=CARTESIAN_POINT('',(1.52,1.27,1.27));
#3049=CARTESIAN_POINT('',(6.35,1.27,1.27));
#3050=CARTESIAN_POINT('',(3.56,1.27,1.27));
#3051=CARTESIAN_POINT('',(3.56,1.27,1.27));
#3052=CARTESIAN_POINT('',(3.81,1.27,0.77));
#3053=CARTESIAN_POINT('',(3.81,1.27,0.770000000000001));
#3054=CARTESIAN_POINT('',(-5.4,1.27,-2.86));
#3055=CARTESIAN_POINT('',(-5.4,1.27,-2.86));
#3056=CARTESIAN_POINT('',(-4.76,1.27,-2.86));
#3057=CARTESIAN_POINT('',(-4.76,1.27,-2.86));
#3058=CARTESIAN_POINT('',(-4.76,1.27,-2.22));
#3059=CARTESIAN_POINT('',(-4.76,1.27,-2.22));
#3060=CARTESIAN_POINT('',(-5.4,1.27,-2.22));
#3061=CARTESIAN_POINT('',(-5.4,1.27,-2.22));
#3062=CARTESIAN_POINT('',(-2.86,1.27,-2.86));
#3063=CARTESIAN_POINT('',(-2.86,1.27,-2.86));
#3064=CARTESIAN_POINT('',(-2.22,1.27,-2.86));
#3065=CARTESIAN_POINT('',(-2.22,1.27,-2.86));
#3066=CARTESIAN_POINT('',(-2.22,1.27,-2.22));
#3067=CARTESIAN_POINT('',(-2.22,1.27,-2.22));
#3068=CARTESIAN_POINT('',(-2.86,1.27,-2.22));
#3069=CARTESIAN_POINT('',(-2.86,1.27,-2.22));
#3070=CARTESIAN_POINT('',(-0.32,1.27,-2.86));
#3071=CARTESIAN_POINT('',(-0.32,1.27,-2.86));
#3072=CARTESIAN_POINT('',(0.32,1.27,-2.86));
#3073=CARTESIAN_POINT('',(0.32,1.27,-2.86));
#3074=CARTESIAN_POINT('',(0.32,1.27,-2.22));
#3075=CARTESIAN_POINT('',(0.32,1.27,-2.22));
#3076=CARTESIAN_POINT('',(-0.32,1.27,-2.22));
#3077=CARTESIAN_POINT('',(-0.32,1.27,-2.22));
#3078=CARTESIAN_POINT('',(2.22,1.27,-2.86));
#3079=CARTESIAN_POINT('',(2.22,1.27,-2.86));
#3080=CARTESIAN_POINT('',(2.86,1.27,-2.86));
#3081=CARTESIAN_POINT('',(2.86,1.27,-2.86));
#3082=CARTESIAN_POINT('',(2.86,1.27,-2.22));
#3083=CARTESIAN_POINT('',(2.86,1.27,-2.22));
#3084=CARTESIAN_POINT('',(2.22,1.27,-2.22));
#3085=CARTESIAN_POINT('',(2.22,1.27,-2.22));
#3086=CARTESIAN_POINT('',(4.76,1.27,-2.86));
#3087=CARTESIAN_POINT('',(4.76,1.27,-2.86));
#3088=CARTESIAN_POINT('',(5.4,1.27,-2.86));
#3089=CARTESIAN_POINT('',(5.4,1.27,-2.86));
#3090=CARTESIAN_POINT('',(5.4,1.27,-2.22));
#3091=CARTESIAN_POINT('',(5.4,1.27,-2.22));
#3092=CARTESIAN_POINT('',(4.76,1.27,-2.22));
#3093=CARTESIAN_POINT('',(4.76,1.27,-2.22));
#3094=CARTESIAN_POINT('',(-7.56215296063122,-0.832071068427371,0.93));
#3095=CARTESIAN_POINT('',(-7.56215296063122,-0.832071068427371,0.320000000000005));
#3096=CARTESIAN_POINT('',(4.76,-0.832071068427372,0.320000000000005));
#3097=CARTESIAN_POINT('',(5.4,-0.832071068427372,0.320000000000005));
#3098=CARTESIAN_POINT('',(5.4,-0.832071068427371,0.93));
#3099=CARTESIAN_POINT('',(5.4,-0.832071068427371,-0.319999999999998));
#3100=CARTESIAN_POINT('',(-7.56215296063122,-0.832071068427371,-0.319999999999998));
#3101=CARTESIAN_POINT('',(4.76,-0.832071068427372,-0.319999999999998));
#3102=CARTESIAN_POINT('',(4.76,-0.832071068427371,0.93));
#3103=CARTESIAN_POINT('',(-7.56215296063122,-0.832071068427371,0.320000000000005));
#3104=CARTESIAN_POINT('',(2.22,-0.832071068427372,0.320000000000005));
#3105=CARTESIAN_POINT('',(2.86,-0.832071068427372,0.320000000000005));
#3106=CARTESIAN_POINT('',(2.86,-0.832071068427371,0.93));
#3107=CARTESIAN_POINT('',(2.86,-0.832071068427371,-0.319999999999998));
#3108=CARTESIAN_POINT('',(-7.56215296063122,-0.832071068427371,-0.319999999999998));
#3109=CARTESIAN_POINT('',(2.22,-0.832071068427372,-0.319999999999998));
#3110=CARTESIAN_POINT('',(2.22,-0.832071068427371,0.93));
#3111=CARTESIAN_POINT('',(-7.56215296063122,-0.832071068427371,0.320000000000005));
#3112=CARTESIAN_POINT('',(-0.32,-0.832071068427372,0.320000000000005));
#3113=CARTESIAN_POINT('',(0.32,-0.832071068427372,0.320000000000005));
#3114=CARTESIAN_POINT('',(0.32,-0.832071068427371,0.93));
#3115=CARTESIAN_POINT('',(0.32,-0.832071068427371,-0.319999999999998));
#3116=CARTESIAN_POINT('',(-7.56215296063122,-0.832071068427371,-0.319999999999998));
#3117=CARTESIAN_POINT('',(-0.32,-0.832071068427372,-0.319999999999998));
#3118=CARTESIAN_POINT('',(-0.32,-0.832071068427371,0.93));
#3119=CARTESIAN_POINT('',(-7.56215296063122,-0.832071068427371,0.320000000000005));
#3120=CARTESIAN_POINT('',(-2.86,-0.832071068427372,0.320000000000005));
#3121=CARTESIAN_POINT('',(-2.22,-0.832071068427372,0.320000000000005));
#3122=CARTESIAN_POINT('',(-2.22,-0.832071068427371,0.93));
#3123=CARTESIAN_POINT('',(-2.22,-0.832071068427371,-0.319999999999998));
#3124=CARTESIAN_POINT('',(-7.56215296063122,-0.832071068427371,-0.319999999999998));
#3125=CARTESIAN_POINT('',(-2.86,-0.832071068427372,-0.319999999999998));
#3126=CARTESIAN_POINT('',(-2.86,-0.832071068427371,0.93));
#3127=CARTESIAN_POINT('',(-7.56215296063122,-0.832071068427371,0.320000000000005));
#3128=CARTESIAN_POINT('',(-5.4,-0.832071068427372,0.320000000000005));
#3129=CARTESIAN_POINT('',(-4.76,-0.832071068427372,0.320000000000005));
#3130=CARTESIAN_POINT('',(-4.76,-0.832071068427371,0.93));
#3131=CARTESIAN_POINT('',(-4.76,-0.832071068427371,-0.319999999999998));
#3132=CARTESIAN_POINT('',(-7.56215296063122,-0.832071068427371,-0.319999999999998));
#3133=CARTESIAN_POINT('',(-5.4,-0.832071068427372,-0.319999999999998));
#3134=CARTESIAN_POINT('',(-5.4,-0.832071068427371,0.93));
#3135=CARTESIAN_POINT('',(-7.56215296063122,-0.832071068427371,0.93));
#3136=CARTESIAN_POINT('',(-6.27,-0.832071068427371,0.93));
#3137=CARTESIAN_POINT('',(-3.89,-0.832071068427371,0.93));
#3138=CARTESIAN_POINT('',(-6.35,-0.832071068427372,0.770000000000002));
#3139=CARTESIAN_POINT('',(-6.35,-0.832071068427371,0.770000000000001));
#3140=CARTESIAN_POINT('',(-6.35,-0.832071068427371,-1.43521200462705E-16));
#3141=CARTESIAN_POINT('',(-6.35,-0.832071068427372,-3.31));
#3142=CARTESIAN_POINT('',(-6.35,-0.832071068427372,-3.31));
#3143=CARTESIAN_POINT('',(-6.27,-0.83207106842737,-3.47));
#3144=CARTESIAN_POINT('',(-7.56215296063122,-0.83207106842737,-3.47));
#3145=CARTESIAN_POINT('',(-3.89,-0.83207106842737,-3.47));
#3146=CARTESIAN_POINT('',(-4.06,-0.832071068427372,-3.81));
#3147=CARTESIAN_POINT('',(-3.81,-0.832071068427372,-3.31));
#3148=CARTESIAN_POINT('',(-3.81,-0.832071068427372,-3.31));
#3149=CARTESIAN_POINT('',(-3.73,-0.83207106842737,-3.47));
#3150=CARTESIAN_POINT('',(-7.56215296063122,-0.83207106842737,-3.47));
#3151=CARTESIAN_POINT('',(-1.35,-0.83207106842737,-3.47));
#3152=CARTESIAN_POINT('',(-1.52,-0.832071068427372,-3.81));
#3153=CARTESIAN_POINT('',(-1.27,-0.832071068427372,-3.31));
#3154=CARTESIAN_POINT('',(-1.27,-0.832071068427372,-3.31));
#3155=CARTESIAN_POINT('',(-1.19,-0.83207106842737,-3.47));
#3156=CARTESIAN_POINT('',(-7.56215296063122,-0.83207106842737,-3.47));
#3157=CARTESIAN_POINT('',(1.19,-0.83207106842737,-3.47));
#3158=CARTESIAN_POINT('',(1.02,-0.832071068427372,-3.81));
#3159=CARTESIAN_POINT('',(1.27,-0.832071068427372,-3.31));
#3160=CARTESIAN_POINT('',(1.27,-0.832071068427372,-3.31));
#3161=CARTESIAN_POINT('',(1.35,-0.83207106842737,-3.47));
#3162=CARTESIAN_POINT('',(-7.56215296063122,-0.83207106842737,-3.47));
#3163=CARTESIAN_POINT('',(3.73,-0.83207106842737,-3.47));
#3164=CARTESIAN_POINT('',(3.56,-0.832071068427372,-3.81));
#3165=CARTESIAN_POINT('',(3.81,-0.832071068427372,-3.31));
#3166=CARTESIAN_POINT('',(3.81,-0.832071068427372,-3.31));
#3167=CARTESIAN_POINT('',(3.89,-0.83207106842737,-3.47));
#3168=CARTESIAN_POINT('',(-7.56215296063122,-0.83207106842737,-3.47));
#3169=CARTESIAN_POINT('',(6.27,-0.83207106842737,-3.47));
#3170=CARTESIAN_POINT('',(6.1,-0.832071068427372,-3.81));
#3171=CARTESIAN_POINT('',(6.35,-0.83207106842737,-3.31));
#3172=CARTESIAN_POINT('',(6.35,-0.832071068427371,0.93));
#3173=CARTESIAN_POINT('',(6.35,-0.832071068427371,0.769999999999999));
#3174=CARTESIAN_POINT('',(6.1,-0.832071068427372,1.27));
#3175=CARTESIAN_POINT('',(6.27,-0.832071068427371,0.930000000000001));
#3176=CARTESIAN_POINT('',(-7.56215296063122,-0.832071068427371,0.93));
#3177=CARTESIAN_POINT('',(3.88999999999999,-0.832071068427371,0.929999999999998));
#3178=CARTESIAN_POINT('',(3.81,-0.832071068427372,0.770000000000002));
#3179=CARTESIAN_POINT('',(3.81,-0.832071068427372,0.770000000000001));
#3180=CARTESIAN_POINT('',(3.56,-0.832071068427372,1.27));
#3181=CARTESIAN_POINT('',(3.72999999999999,-0.832071068427371,0.930000000000001));
#3182=CARTESIAN_POINT('',(-7.56215296063122,-0.832071068427371,0.93));
#3183=CARTESIAN_POINT('',(1.35,-0.832071068427371,0.929999999999999));
#3184=CARTESIAN_POINT('',(1.27,-0.832071068427372,0.770000000000002));
#3185=CARTESIAN_POINT('',(1.27,-0.832071068427372,0.770000000000001));
#3186=CARTESIAN_POINT('',(1.02,-0.832071068427372,1.27));
#3187=CARTESIAN_POINT('',(1.19,-0.832071068427371,0.930000000000001));
#3188=CARTESIAN_POINT('',(-7.56215296063122,-0.832071068427371,0.93));
#3189=CARTESIAN_POINT('',(-1.19,-0.832071068427371,0.929999999999999));
#3190=CARTESIAN_POINT('',(-1.27,-0.832071068427372,0.770000000000002));
#3191=CARTESIAN_POINT('',(-1.27,-0.832071068427372,0.770000000000001));
#3192=CARTESIAN_POINT('',(-1.52,-0.832071068427372,1.27));
#3193=CARTESIAN_POINT('',(-1.35,-0.832071068427371,0.93));
#3194=CARTESIAN_POINT('',(-7.56215296063122,-0.832071068427371,0.93));
#3195=CARTESIAN_POINT('',(-3.73,-0.832071068427371,0.929999999999999));
#3196=CARTESIAN_POINT('',(-3.81,-0.832071068427372,0.770000000000002));
#3197=CARTESIAN_POINT('',(-3.81,-0.832071068427372,0.770000000000001));
#3198=CARTESIAN_POINT('',(-4.06,-0.832071068427372,1.27));
#3199=CARTESIAN_POINT('',(-7.56215296063122,-0.83207106842737,-2.22));
#3200=CARTESIAN_POINT('',(-5.4,-0.83207106842737,-2.22));
#3201=CARTESIAN_POINT('',(-4.76,-0.83207106842737,-2.22));
#3202=CARTESIAN_POINT('',(-4.76,-0.832071068427371,0.93));
#3203=CARTESIAN_POINT('',(-4.76,-0.83207106842737,-2.86));
#3204=CARTESIAN_POINT('',(-7.56215296063122,-0.83207106842737,-2.86));
#3205=CARTESIAN_POINT('',(-5.4,-0.83207106842737,-2.86));
#3206=CARTESIAN_POINT('',(-5.4,-0.832071068427371,0.93));
#3207=CARTESIAN_POINT('',(-7.56215296063122,-0.83207106842737,-2.22));
#3208=CARTESIAN_POINT('',(-2.86,-0.83207106842737,-2.22));
#3209=CARTESIAN_POINT('',(-2.22,-0.83207106842737,-2.22));
#3210=CARTESIAN_POINT('',(-2.22,-0.832071068427371,0.93));
#3211=CARTESIAN_POINT('',(-2.22,-0.83207106842737,-2.86));
#3212=CARTESIAN_POINT('',(-7.56215296063122,-0.83207106842737,-2.86));
#3213=CARTESIAN_POINT('',(-2.86,-0.83207106842737,-2.86));
#3214=CARTESIAN_POINT('',(-2.86,-0.832071068427371,0.93));
#3215=CARTESIAN_POINT('',(-7.56215296063122,-0.83207106842737,-2.22));
#3216=CARTESIAN_POINT('',(-0.32,-0.83207106842737,-2.22));
#3217=CARTESIAN_POINT('',(0.32,-0.83207106842737,-2.22));
#3218=CARTESIAN_POINT('',(0.32,-0.832071068427371,0.93));
#3219=CARTESIAN_POINT('',(0.32,-0.83207106842737,-2.86));
#3220=CARTESIAN_POINT('',(-7.56215296063122,-0.83207106842737,-2.86));
#3221=CARTESIAN_POINT('',(-0.32,-0.83207106842737,-2.86));
#3222=CARTESIAN_POINT('',(-0.32,-0.832071068427371,0.93));
#3223=CARTESIAN_POINT('',(-7.56215296063122,-0.83207106842737,-2.22));
#3224=CARTESIAN_POINT('',(2.22,-0.83207106842737,-2.22));
#3225=CARTESIAN_POINT('',(2.86,-0.83207106842737,-2.22));
#3226=CARTESIAN_POINT('',(2.86,-0.832071068427371,0.93));
#3227=CARTESIAN_POINT('',(2.86,-0.83207106842737,-2.86));
#3228=CARTESIAN_POINT('',(-7.56215296063122,-0.83207106842737,-2.86));
#3229=CARTESIAN_POINT('',(2.22,-0.83207106842737,-2.86));
#3230=CARTESIAN_POINT('',(2.22,-0.832071068427371,0.93));
#3231=CARTESIAN_POINT('',(-7.56215296063122,-0.83207106842737,-2.22));
#3232=CARTESIAN_POINT('',(4.76,-0.83207106842737,-2.22));
#3233=CARTESIAN_POINT('',(5.4,-0.83207106842737,-2.22));
#3234=CARTESIAN_POINT('',(5.4,-0.832071068427371,0.93));
#3235=CARTESIAN_POINT('',(5.4,-0.83207106842737,-2.86));
#3236=CARTESIAN_POINT('',(-7.56215296063122,-0.83207106842737,-2.86));
#3237=CARTESIAN_POINT('',(4.76,-0.83207106842737,-2.86));
#3238=CARTESIAN_POINT('',(4.76,-0.832071068427371,0.93));
#3239=CARTESIAN_POINT('',(6.35,-1.27,-1.27));
#3240=CARTESIAN_POINT('',(-4.626,-1.27,4.218));
#3241=CARTESIAN_POINT('',(-6.1,-1.27,1.27));
#3242=CARTESIAN_POINT('',(-6.27,-1.27,0.93));
#3243=CARTESIAN_POINT('',(-7.56215296063122,-1.27,0.93));
#3244=CARTESIAN_POINT('',(-3.89,-1.27,0.930000000000003));
#3245=CARTESIAN_POINT('',(-0.961999999999998,-1.27,-4.926));
#3246=CARTESIAN_POINT('',(-4.06,-1.27,1.27));
#3247=CARTESIAN_POINT('',(6.35,-1.27,1.27));
#3248=CARTESIAN_POINT('',(6.35,-1.27,-1.27));
#3249=CARTESIAN_POINT('',(-2.594,-1.27,3.202));
#3250=CARTESIAN_POINT('',(-3.56,-1.27,1.27));
#3251=CARTESIAN_POINT('',(-3.73,-1.27,0.93));
#3252=CARTESIAN_POINT('',(-7.56215296063122,-1.27,0.93));
#3253=CARTESIAN_POINT('',(-1.35,-1.27,0.93));
#3254=CARTESIAN_POINT('',(1.07,-1.27,-3.91));
#3255=CARTESIAN_POINT('',(-1.52,-1.27,1.27));
#3256=CARTESIAN_POINT('',(6.35,-1.27,1.27));
#3257=CARTESIAN_POINT('',(6.35,-1.27,-1.27));
#3258=CARTESIAN_POINT('',(-0.562,-1.27,2.186));
#3259=CARTESIAN_POINT('',(-1.02,-1.27,1.27));
#3260=CARTESIAN_POINT('',(-1.19,-1.27,0.93));
#3261=CARTESIAN_POINT('',(-7.56215296063122,-1.27,0.93));
#3262=CARTESIAN_POINT('',(1.19,-1.27,0.93));
#3263=CARTESIAN_POINT('',(3.102,-1.27,-2.894));
#3264=CARTESIAN_POINT('',(1.02,-1.27,1.27));
#3265=CARTESIAN_POINT('',(6.35,-1.27,1.27));
#3266=CARTESIAN_POINT('',(6.35,-1.27,-1.27));
#3267=CARTESIAN_POINT('',(1.47,-1.27,1.17));
#3268=CARTESIAN_POINT('',(1.52,-1.27,1.27));
#3269=CARTESIAN_POINT('',(1.35,-1.27,0.93));
#3270=CARTESIAN_POINT('',(-7.56215296063122,-1.27,0.93));
#3271=CARTESIAN_POINT('',(3.73,-1.27,0.93));
#3272=CARTESIAN_POINT('',(5.134,-1.27,-1.878));
#3273=CARTESIAN_POINT('',(3.56,-1.27,1.27));
#3274=CARTESIAN_POINT('',(6.35,-1.27,1.27));
#3275=CARTESIAN_POINT('',(6.35,-1.27,-1.27));
#3276=CARTESIAN_POINT('',(3.502,-1.27,0.154));
#3277=CARTESIAN_POINT('',(4.06,-1.27,1.27));
#3278=CARTESIAN_POINT('',(3.89,-1.27,0.93));
#3279=CARTESIAN_POINT('',(-7.56215296063122,-1.27,0.93));
#3280=CARTESIAN_POINT('',(6.27,-1.27,0.93));
#3281=CARTESIAN_POINT('',(7.166,-1.27,-0.862));
#3282=CARTESIAN_POINT('',(6.1,-1.27,1.27));
#3283=CARTESIAN_POINT('',(6.35,-1.27,1.27));
#3284=CARTESIAN_POINT('',(6.35,-1.27,-1.27));
#3285=CARTESIAN_POINT('',(7.166,-1.27,-1.678));
#3286=CARTESIAN_POINT('',(6.27,-1.27,-3.47));
#3287=CARTESIAN_POINT('',(6.1,-1.27,-3.81));
#3288=CARTESIAN_POINT('',(-7.56215296063122,-1.27,-3.47));
#3289=CARTESIAN_POINT('',(3.89,-1.27,-3.47));
#3290=CARTESIAN_POINT('',(3.502,-1.27,-2.694));
#3291=CARTESIAN_POINT('',(4.06,-1.27,-3.81));
#3292=CARTESIAN_POINT('',(6.35,-1.27,-3.81));
#3293=CARTESIAN_POINT('',(6.35,-1.27,-1.27));
#3294=CARTESIAN_POINT('',(5.134,-1.27,-0.662));
#3295=CARTESIAN_POINT('',(3.73,-1.27,-3.47));
#3296=CARTESIAN_POINT('',(3.56,-1.27,-3.81));
#3297=CARTESIAN_POINT('',(-7.56215296063122,-1.27,-3.47));
#3298=CARTESIAN_POINT('',(1.35,-1.27,-3.47));
#3299=CARTESIAN_POINT('',(1.47,-1.27,-3.71));
#3300=CARTESIAN_POINT('',(1.52,-1.27,-3.81));
#3301=CARTESIAN_POINT('',(6.35,-1.27,-3.81));
#3302=CARTESIAN_POINT('',(6.35,-1.27,-1.27));
#3303=CARTESIAN_POINT('',(3.102,-1.27,0.354));
#3304=CARTESIAN_POINT('',(1.19,-1.27,-3.47));
#3305=CARTESIAN_POINT('',(1.02,-1.27,-3.81));
#3306=CARTESIAN_POINT('',(-7.56215296063122,-1.27,-3.47));
#3307=CARTESIAN_POINT('',(-1.19,-1.27,-3.47));
#3308=CARTESIAN_POINT('',(-0.562,-1.27,-4.726));
#3309=CARTESIAN_POINT('',(-1.02,-1.27,-3.81));
#3310=CARTESIAN_POINT('',(6.35,-1.27,-3.81));
#3311=CARTESIAN_POINT('',(6.35,-1.27,-1.27));
#3312=CARTESIAN_POINT('',(1.07,-1.27,1.37));
#3313=CARTESIAN_POINT('',(-1.35,-1.27,-3.47));
#3314=CARTESIAN_POINT('',(-1.52,-1.27,-3.81));
#3315=CARTESIAN_POINT('',(-7.56215296063122,-1.27,-3.47));
#3316=CARTESIAN_POINT('',(-3.73,-1.27,-3.47));
#3317=CARTESIAN_POINT('',(-2.594,-1.27,-5.742));
#3318=CARTESIAN_POINT('',(-3.56,-1.27,-3.81));
#3319=CARTESIAN_POINT('',(6.35,-1.27,-3.81));
#3320=CARTESIAN_POINT('',(6.35,-1.27,-1.27));
#3321=CARTESIAN_POINT('',(-0.961999999999998,-1.27,2.386));
#3322=CARTESIAN_POINT('',(-3.89,-1.27,-3.47));
#3323=CARTESIAN_POINT('',(-4.06,-1.27,-3.81));
#3324=CARTESIAN_POINT('',(-7.56215296063122,-1.27,-3.47));
#3325=CARTESIAN_POINT('',(-6.27,-1.27,-3.47));
#3326=CARTESIAN_POINT('',(-4.626,-1.27,-6.758));
#3327=CARTESIAN_POINT('',(-6.1,-1.27,-3.81));
#3328=CARTESIAN_POINT('',(6.35,-1.27,-3.81));
#3329=CARTESIAN_POINT('',(6.35,0.,0.));
#3330=CARTESIAN_POINT('',(6.35,-6.57350923475464E-17,-3.31));
#3331=CARTESIAN_POINT('',(6.35,-6.57350923475464E-17,0.770000000000001));
#3332=CARTESIAN_POINT('',(-6.35,0.,0.));
#3333=CARTESIAN_POINT('',(-6.35,-6.57350923475464E-17,-3.31));
#3334=CARTESIAN_POINT('',(-6.35,-6.57350923475464E-17,0.770000000000001));
#3335=CARTESIAN_POINT('',(-6.35,-12.168962013489,0.77));
#3336=CARTESIAN_POINT('',(-6.26999999999999,-12.168962013489,0.930000000000011));
#3337=CARTESIAN_POINT('',(-6.1,-12.168962013489,1.27));
#3338=CARTESIAN_POINT('',(-4.06,-11.9282271536748,1.27));
#3339=CARTESIAN_POINT('',(-3.89000000000001,-11.9282271536748,0.930000000000011));
#3340=CARTESIAN_POINT('',(-3.81,-11.9282271536748,0.77));
#3341=CARTESIAN_POINT('',(-4.06,-1.27,1.27));
#3342=CARTESIAN_POINT('',(-3.81,-11.9282271536748,0.77));
#3343=CARTESIAN_POINT('',(-3.72999999999999,-11.9282271536748,0.930000000000011));
#3344=CARTESIAN_POINT('',(-3.56,-1.27,1.27));
#3345=CARTESIAN_POINT('',(-1.52,-11.9282271536748,1.27));
#3346=CARTESIAN_POINT('',(-1.35000000000001,-11.9282271536748,0.930000000000011));
#3347=CARTESIAN_POINT('',(-1.27,-11.9282271536748,0.77));
#3348=CARTESIAN_POINT('',(-1.52,-1.27,1.27));
#3349=CARTESIAN_POINT('',(-1.27,-11.9282271536748,0.77));
#3350=CARTESIAN_POINT('',(-1.18999999999999,-11.9282271536748,0.930000000000011));
#3351=CARTESIAN_POINT('',(-1.02,-1.27,1.27));
#3352=CARTESIAN_POINT('',(1.02,-11.9282271536748,1.27));
#3353=CARTESIAN_POINT('',(1.18999999999999,-11.9282271536748,0.930000000000011));
#3354=CARTESIAN_POINT('',(1.27,-11.9282271536748,0.77));
#3355=CARTESIAN_POINT('',(1.02,-1.27,1.27));
#3356=CARTESIAN_POINT('',(1.27,-11.9282271536748,0.77));
#3357=CARTESIAN_POINT('',(1.35,-11.9282271536748,0.930000000000011));
#3358=CARTESIAN_POINT('',(1.52,-1.27,1.27));
#3359=CARTESIAN_POINT('',(3.56,-11.9282271536748,1.27));
#3360=CARTESIAN_POINT('',(3.72999999999999,-11.9282271536748,0.930000000000011));
#3361=CARTESIAN_POINT('',(3.81,-11.9282271536748,0.77));
#3362=CARTESIAN_POINT('',(3.56,-1.27,1.27));
#3363=CARTESIAN_POINT('',(3.81,-11.9282271536748,0.77));
#3364=CARTESIAN_POINT('',(3.89,-11.9282271536748,0.930000000000011));
#3365=CARTESIAN_POINT('',(4.06,-1.27,1.27));
#3366=CARTESIAN_POINT('',(6.1,-12.168962013489,1.27));
#3367=CARTESIAN_POINT('',(6.26999999999999,-12.168962013489,0.930000000000011));
#3368=CARTESIAN_POINT('',(6.1,-12.168962013489,1.27));
#3369=CARTESIAN_POINT('',(-6.35,-12.168962013489,-3.31));
#3370=CARTESIAN_POINT('',(-6.26999999999999,-12.168962013489,-3.47000000000001));
#3371=CARTESIAN_POINT('',(-6.1,-12.168962013489,-3.81));
#3372=CARTESIAN_POINT('',(-4.06,-11.9282271536748,-3.81));
#3373=CARTESIAN_POINT('',(-3.81,-11.9282271536748,-3.31));
#3374=CARTESIAN_POINT('',(-3.89000000000001,-11.9282271536748,-3.47000000000001));
#3375=CARTESIAN_POINT('',(-4.06,-1.27,-3.81));
#3376=CARTESIAN_POINT('',(-3.81,-11.9282271536748,-3.31));
#3377=CARTESIAN_POINT('',(-3.73,-11.9282271536748,-3.47000000000001));
#3378=CARTESIAN_POINT('',(-3.56,-1.27,-3.81));
#3379=CARTESIAN_POINT('',(-1.52,-11.9282271536748,-3.81));
#3380=CARTESIAN_POINT('',(-1.27,-11.9282271536748,-3.31));
#3381=CARTESIAN_POINT('',(-1.35000000000001,-11.9282271536748,-3.47000000000001));
#3382=CARTESIAN_POINT('',(-1.52,-1.27,-3.81));
#3383=CARTESIAN_POINT('',(-1.27,-11.9282271536748,-3.31));
#3384=CARTESIAN_POINT('',(-1.19,-11.9282271536748,-3.47000000000001));
#3385=CARTESIAN_POINT('',(-1.02,-1.27,-3.81));
#3386=CARTESIAN_POINT('',(1.02,-11.9282271536748,-3.81));
#3387=CARTESIAN_POINT('',(1.27,-11.9282271536748,-3.31));
#3388=CARTESIAN_POINT('',(1.18999999999999,-11.9282271536748,-3.47000000000001));
#3389=CARTESIAN_POINT('',(1.02,-1.27,-3.81));
#3390=CARTESIAN_POINT('',(1.27,-11.9282271536748,-3.31));
#3391=CARTESIAN_POINT('',(1.35,-11.9282271536748,-3.47000000000001));
#3392=CARTESIAN_POINT('',(1.52,-1.27,-3.81));
#3393=CARTESIAN_POINT('',(3.56,-11.9282271536748,-3.81));
#3394=CARTESIAN_POINT('',(3.81,-11.9282271536748,-3.31));
#3395=CARTESIAN_POINT('',(3.72999999999999,-11.9282271536748,-3.47000000000001));
#3396=CARTESIAN_POINT('',(3.56,-1.27,-3.81));
#3397=CARTESIAN_POINT('',(3.81,-11.9282271536748,-3.31));
#3398=CARTESIAN_POINT('',(3.89,-11.9282271536748,-3.47000000000001));
#3399=CARTESIAN_POINT('',(4.06,-1.27,-3.81));
#3400=CARTESIAN_POINT('',(6.1,-12.168962013489,-3.81));
#3401=CARTESIAN_POINT('',(6.26999999999999,-12.168962013489,-3.47000000000001));
#3402=CARTESIAN_POINT('',(6.1,-12.168962013489,-3.81));
#3403=CARTESIAN_POINT('',(6.35,-1.27,1.27));
#3404=CARTESIAN_POINT('',(6.35,-1.27,1.27));
#3405=CARTESIAN_POINT('',(6.35,-1.27,1.27));
#3406=CARTESIAN_POINT('',(6.35,-1.27,1.27));
#3407=CARTESIAN_POINT('',(6.35,-1.27,1.27));
#3408=CARTESIAN_POINT('',(6.35,-1.27,-3.81));
#3409=CARTESIAN_POINT('',(6.35,-1.27,-3.81));
#3410=CARTESIAN_POINT('',(6.35,-1.27,-3.81));
#3411=CARTESIAN_POINT('',(6.35,-1.27,-3.81));
#3412=CARTESIAN_POINT('',(6.35,-1.27,-3.81));
#3413=CARTESIAN_POINT('',(-7.56215296063122,-1.27,0.93));
#3414=CARTESIAN_POINT('',(-7.56215296063122,-1.27,0.93));
#3415=CARTESIAN_POINT('',(-7.56215296063122,-1.27,0.93));
#3416=CARTESIAN_POINT('',(-7.56215296063122,-1.27,0.93));
#3417=CARTESIAN_POINT('',(-7.56215296063122,-1.27,0.93));
#3418=CARTESIAN_POINT('',(-7.56215296063122,-0.83207106842737,-3.47));
#3419=CARTESIAN_POINT('',(-7.56215296063122,-0.83207106842737,-3.47));
#3420=CARTESIAN_POINT('',(-7.56215296063122,-0.83207106842737,-3.47));
#3421=CARTESIAN_POINT('',(-7.56215296063122,-0.83207106842737,-3.47));
#3422=CARTESIAN_POINT('',(-7.56215296063122,-0.83207106842737,-3.47));
#3423=CARTESIAN_POINT('',(-4.76,-12.6421529606312,-0.319999999999999));
#3424=CARTESIAN_POINT('',(-4.76,-12.6421529606312,0.320000000000004));
#3425=CARTESIAN_POINT('',(-4.76,-12.6421529606312,-0.319999999999999));
#3426=CARTESIAN_POINT('',(-4.76,-12.6421529606312,0.320000000000004));
#3427=CARTESIAN_POINT('',(-5.4,-12.6421529606312,0.320000000000004));
#3428=CARTESIAN_POINT('',(-5.4,-12.6421529606312,0.320000000000004));
#3429=CARTESIAN_POINT('',(-5.4,-12.6421529606312,-0.319999999999999));
#3430=CARTESIAN_POINT('',(-5.4,-12.6421529606312,-0.319999999999999));
#3431=CARTESIAN_POINT('',(-4.76,-12.6421529606312,-2.86));
#3432=CARTESIAN_POINT('',(-4.76,-12.6421529606312,-2.22));
#3433=CARTESIAN_POINT('',(-4.76,-12.6421529606312,-2.86));
#3434=CARTESIAN_POINT('',(-4.76,-12.6421529606312,-2.22));
#3435=CARTESIAN_POINT('',(-5.4,-12.6421529606312,-2.22));
#3436=CARTESIAN_POINT('',(-5.4,-12.6421529606312,-2.22));
#3437=CARTESIAN_POINT('',(-5.4,-12.6421529606312,-2.86));
#3438=CARTESIAN_POINT('',(-5.4,-12.6421529606312,-2.86));
#3439=CARTESIAN_POINT('',(-2.22,-12.6421529606312,-0.319999999999999));
#3440=CARTESIAN_POINT('',(-2.22,-12.6421529606312,0.320000000000004));
#3441=CARTESIAN_POINT('',(-2.22,-12.6421529606312,-0.319999999999999));
#3442=CARTESIAN_POINT('',(-2.22,-12.6421529606312,0.320000000000004));
#3443=CARTESIAN_POINT('',(-2.86,-12.6421529606312,0.320000000000004));
#3444=CARTESIAN_POINT('',(-2.86,-12.6421529606312,0.320000000000004));
#3445=CARTESIAN_POINT('',(-2.86,-12.6421529606312,-0.319999999999999));
#3446=CARTESIAN_POINT('',(-2.86,-12.6421529606312,-0.319999999999999));
#3447=CARTESIAN_POINT('',(-2.22,-12.6421529606312,-2.86));
#3448=CARTESIAN_POINT('',(-2.22,-12.6421529606312,-2.22));
#3449=CARTESIAN_POINT('',(-2.22,-12.6421529606312,-2.86));
#3450=CARTESIAN_POINT('',(-2.22,-12.6421529606312,-2.22));
#3451=CARTESIAN_POINT('',(-2.86,-12.6421529606312,-2.22));
#3452=CARTESIAN_POINT('',(-2.86,-12.6421529606312,-2.22));
#3453=CARTESIAN_POINT('',(-2.86,-12.6421529606312,-2.86));
#3454=CARTESIAN_POINT('',(-2.86,-12.6421529606312,-2.86));
#3455=CARTESIAN_POINT('',(0.32,-12.6421529606312,-0.319999999999999));
#3456=CARTESIAN_POINT('',(0.32,-12.6421529606312,0.320000000000004));
#3457=CARTESIAN_POINT('',(0.32,-12.6421529606312,-0.319999999999999));
#3458=CARTESIAN_POINT('',(0.32,-12.6421529606312,0.320000000000004));
#3459=CARTESIAN_POINT('',(-0.32,-12.6421529606312,0.320000000000004));
#3460=CARTESIAN_POINT('',(-0.32,-12.6421529606312,0.320000000000004));
#3461=CARTESIAN_POINT('',(-0.32,-12.6421529606312,-0.319999999999999));
#3462=CARTESIAN_POINT('',(-0.32,-12.6421529606312,-0.319999999999999));
#3463=CARTESIAN_POINT('',(0.32,-12.6421529606312,-2.86));
#3464=CARTESIAN_POINT('',(0.32,-12.6421529606312,-2.22));
#3465=CARTESIAN_POINT('',(0.32,-12.6421529606312,-2.86));
#3466=CARTESIAN_POINT('',(0.32,-12.6421529606312,-2.22));
#3467=CARTESIAN_POINT('',(-0.32,-12.6421529606312,-2.22));
#3468=CARTESIAN_POINT('',(-0.32,-12.6421529606312,-2.22));
#3469=CARTESIAN_POINT('',(-0.32,-12.6421529606312,-2.86));
#3470=CARTESIAN_POINT('',(-0.32,-12.6421529606312,-2.86));
#3471=CARTESIAN_POINT('',(2.86,-12.6421529606312,-0.319999999999999));
#3472=CARTESIAN_POINT('',(2.86,-12.6421529606312,0.320000000000004));
#3473=CARTESIAN_POINT('',(2.86,-12.6421529606312,-0.319999999999999));
#3474=CARTESIAN_POINT('',(2.86,-12.6421529606312,0.320000000000004));
#3475=CARTESIAN_POINT('',(2.22,-12.6421529606312,0.320000000000004));
#3476=CARTESIAN_POINT('',(2.22,-12.6421529606312,0.320000000000004));
#3477=CARTESIAN_POINT('',(2.22,-12.6421529606312,-0.319999999999999));
#3478=CARTESIAN_POINT('',(2.22,-12.6421529606312,-0.319999999999999));
#3479=CARTESIAN_POINT('',(2.86,-12.6421529606312,-2.86));
#3480=CARTESIAN_POINT('',(2.86,-12.6421529606312,-2.22));
#3481=CARTESIAN_POINT('',(2.86,-12.6421529606312,-2.86));
#3482=CARTESIAN_POINT('',(2.86,-12.6421529606312,-2.22));
#3483=CARTESIAN_POINT('',(2.22,-12.6421529606312,-2.22));
#3484=CARTESIAN_POINT('',(2.22,-12.6421529606312,-2.22));
#3485=CARTESIAN_POINT('',(2.22,-12.6421529606312,-2.86));
#3486=CARTESIAN_POINT('',(2.22,-12.6421529606312,-2.86));
#3487=CARTESIAN_POINT('',(5.4,-12.6421529606312,-0.319999999999999));
#3488=CARTESIAN_POINT('',(5.4,-12.6421529606312,0.320000000000004));
#3489=CARTESIAN_POINT('',(5.4,-12.6421529606312,-0.319999999999999));
#3490=CARTESIAN_POINT('',(5.4,-12.6421529606312,0.320000000000004));
#3491=CARTESIAN_POINT('',(4.76,-12.6421529606312,0.320000000000004));
#3492=CARTESIAN_POINT('',(4.76,-12.6421529606312,0.320000000000004));
#3493=CARTESIAN_POINT('',(4.76,-12.6421529606312,-0.319999999999999));
#3494=CARTESIAN_POINT('',(4.76,-12.6421529606312,-0.319999999999999));
#3495=CARTESIAN_POINT('',(5.4,-12.6421529606312,-2.86));
#3496=CARTESIAN_POINT('',(5.4,-12.6421529606312,-2.22));
#3497=CARTESIAN_POINT('',(5.4,-12.6421529606312,-2.86));
#3498=CARTESIAN_POINT('',(5.4,-12.6421529606312,-2.22));
#3499=CARTESIAN_POINT('',(4.76,-12.6421529606312,-2.22));
#3500=CARTESIAN_POINT('',(4.76,-12.6421529606312,-2.22));
#3501=CARTESIAN_POINT('',(4.76,-12.6421529606312,-2.86));
#3502=CARTESIAN_POINT('',(4.76,-12.6421529606312,-2.86));
#3503=CARTESIAN_POINT('',(0.,0.,0.));
#3504=CARTESIAN_POINT('',(0.319999999999999,-0.32,5.77));
#3505=CARTESIAN_POINT('',(0.119999999999999,-0.32,5.77));
#3506=CARTESIAN_POINT('',(0.119999999999999,-0.12,5.77));
#3507=CARTESIAN_POINT('',(0.119999999999999,0.12,5.77));
#3508=CARTESIAN_POINT('',(0.319999999999999,0.12,5.77));
#3509=CARTESIAN_POINT('',(-0.119999999999994,0.12,5.77));
#3510=CARTESIAN_POINT('',(-0.119999999999994,-0.32,5.77));
#3511=CARTESIAN_POINT('',(-0.119999999999994,-0.12,5.77));
#3512=CARTESIAN_POINT('',(0.319999999999999,-0.12,5.77));
#3513=CARTESIAN_POINT('',(-0.319999999999994,-0.32,5.77));
#3514=CARTESIAN_POINT('',(-0.319999999999994,0.32,5.77));
#3515=CARTESIAN_POINT('',(-0.319999999999994,0.32,5.57));
#3516=CARTESIAN_POINT('',(-0.319999999999995,0.32,-5.57));
#3517=CARTESIAN_POINT('',(-0.319999999999995,-0.32,-5.57));
#3518=CARTESIAN_POINT('',(-0.319999999999995,-0.32,-5.57));
#3519=CARTESIAN_POINT('',(-0.319999999999994,-0.32,5.77));
#3520=CARTESIAN_POINT('',(-0.319999999999994,-0.32,5.57));
#3521=CARTESIAN_POINT('',(-0.319999999999994,-0.32,5.57));
#3522=CARTESIAN_POINT('',(-0.319999999999996,-0.32,-5.77));
#3523=CARTESIAN_POINT('',(0.120000000000001,-0.32,-5.77));
#3524=CARTESIAN_POINT('',(0.120000000000001,0.12,-5.77));
#3525=CARTESIAN_POINT('',(0.120000000000001,-0.12,-5.77));
#3526=CARTESIAN_POINT('',(-0.319999999999995,-0.12,-5.77));
#3527=CARTESIAN_POINT('',(-0.119999999999993,-0.12,-5.77));
#3528=CARTESIAN_POINT('',(-0.119999999999993,-0.32,-5.77));
#3529=CARTESIAN_POINT('',(-0.119999999999993,0.12,-5.77));
#3530=CARTESIAN_POINT('',(-0.319999999999996,0.12,-5.77));
#3531=CARTESIAN_POINT('',(0.319999999999999,-0.32,-5.77));
#3532=CARTESIAN_POINT('',(0.319999999999999,-0.32,-5.77));
#3533=CARTESIAN_POINT('',(0.319999999999999,-0.32,-5.57));
#3534=CARTESIAN_POINT('',(0.319999999999999,-0.32,5.57));
#3535=CARTESIAN_POINT('',(0.319999999999999,-0.32,-5.57));
#3536=CARTESIAN_POINT('',(0.319999999999999,0.32,-5.57));
#3537=CARTESIAN_POINT('',(0.319999999999999,0.32,-5.77));
#3538=CARTESIAN_POINT('',(0.319999999999999,0.32,5.57));
#3539=CARTESIAN_POINT('',(0.319999999999999,-0.32,5.57));
#3540=CARTESIAN_POINT('',(0.,-0.32,0.));
#3541=CARTESIAN_POINT('',(0.319999999999997,-0.32,-5.57));
#3542=CARTESIAN_POINT('',(-0.319999999999994,-0.32,5.57));
#3543=CARTESIAN_POINT('',(0.,0.32,0.));
#3544=CARTESIAN_POINT('',(4.52925457555824E-14,0.32,-5.57));
#3545=CARTESIAN_POINT('',(0.,0.32,5.57));
#3546=CARTESIAN_POINT('',(-0.319999999999996,0.12,-5.77));
#3547=CARTESIAN_POINT('',(0.106666666666667,0.106666666666666,-5.78333333333333));
#3548=CARTESIAN_POINT('',(-0.18666666666666,0.186666666666667,-5.70333333333334));
#3549=CARTESIAN_POINT('',(-0.119999999999993,-0.32,-5.77));
#3550=CARTESIAN_POINT('',(-0.18666666666666,-0.186666666666667,-5.70333333333334));
#3551=CARTESIAN_POINT('',(0.319999999999999,-0.32,-5.57));
#3552=CARTESIAN_POINT('',(0.32,-0.319999999999999,-5.57));
#3553=CARTESIAN_POINT('',(4.52925457555824E-14,-0.32,-5.57));
#3554=CARTESIAN_POINT('',(0.,-0.32,5.57));
#3555=CARTESIAN_POINT('',(-0.213333333333329,-0.213333333333335,5.67666666666666));
#3556=CARTESIAN_POINT('',(0.186666666666666,-0.186666666666667,5.70333333333333));
#3557=CARTESIAN_POINT('',(0.119999999999999,-0.32,5.77));
#3558=CARTESIAN_POINT('',(-0.0266666666666671,-0.0266666666666681,5.91666666666667));
#3559=CARTESIAN_POINT('',(-0.319999999999994,-0.32,5.57));
#3560=CARTESIAN_POINT('',(-0.10666666666666,0.106666666666666,5.78333333333333));
#3561=CARTESIAN_POINT('',(0.319999999999999,0.12,5.77));
#3562=CARTESIAN_POINT('',(-5.08,1.5,2.5648156352664E-15));
#3563=CARTESIAN_POINT('',(-5.08,1.5,-2.54));
#3564=CARTESIAN_POINT('',(-2.54,1.5,2.5648156352664E-15));
#3565=CARTESIAN_POINT('',(-2.54,1.5,-2.54));
#3566=CARTESIAN_POINT('',(0.,1.5,2.5648156352664E-15));
#3567=CARTESIAN_POINT('',(0.,1.5,-2.54));
#3568=CARTESIAN_POINT('',(2.54,1.5,2.5648156352664E-15));
#3569=CARTESIAN_POINT('',(2.54,1.5,-2.54));
#3570=CARTESIAN_POINT('',(5.08,1.5,2.5648156352664E-15));
#3571=CARTESIAN_POINT('',(5.08,1.5,-2.54));
#3572=MECHANICAL_DESIGN_GEOMETRIC_PRESENTATION_REPRESENTATION('',(#2260,
#2261),#3573);
#3573=(
GEOMETRIC_REPRESENTATION_CONTEXT(3)
GLOBAL_UNCERTAINTY_ASSIGNED_CONTEXT((#3576))
GLOBAL_UNIT_ASSIGNED_CONTEXT((#3581,#3580,#3579))
REPRESENTATION_CONTEXT('6130xx21121','TOP_LEVEL_ASSEMBLY_PART')
);
#3574=(
GEOMETRIC_REPRESENTATION_CONTEXT(3)
GLOBAL_UNCERTAINTY_ASSIGNED_CONTEXT((#3577))
GLOBAL_UNIT_ASSIGNED_CONTEXT((#3581,#3580,#3579))
REPRESENTATION_CONTEXT('61301021121','COMPONENT_PART')
);
#3575=(
GEOMETRIC_REPRESENTATION_CONTEXT(3)
GLOBAL_UNCERTAINTY_ASSIGNED_CONTEXT((#3578))
GLOBAL_UNIT_ASSIGNED_CONTEXT((#3581,#3580,#3579))
REPRESENTATION_CONTEXT('6130xx21121_PIN','COMPONENT_PART')
);
#3576=UNCERTAINTY_MEASURE_WITH_UNIT(LENGTH_MEASURE(0.005),#3581,
'DISTANCE_ACCURACY_VALUE','Maximum Tolerance applied to model');
#3577=UNCERTAINTY_MEASURE_WITH_UNIT(LENGTH_MEASURE(0.005),#3581,
'DISTANCE_ACCURACY_VALUE','Maximum Tolerance applied to model');
#3578=UNCERTAINTY_MEASURE_WITH_UNIT(LENGTH_MEASURE(0.005),#3581,
'DISTANCE_ACCURACY_VALUE','Maximum Tolerance applied to model');
#3579=(
NAMED_UNIT(*)
SI_UNIT($,.STERADIAN.)
SOLID_ANGLE_UNIT()
);
#3580=(
NAMED_UNIT(*)
PLANE_ANGLE_UNIT()
SI_UNIT($,.RADIAN.)
);
#3581=(
LENGTH_UNIT()
NAMED_UNIT(*)
SI_UNIT(.MILLI.,.METRE.)
);
#3582=PRODUCT_DEFINITION_SHAPE('','',#3596);
#3583=PRODUCT_DEFINITION_SHAPE('','',#3597);
#3584=PRODUCT_DEFINITION_SHAPE(' ','NAUO PRDDFN',#29);
#3585=PRODUCT_DEFINITION_SHAPE('','',#3598);
#3586=PRODUCT_DEFINITION_SHAPE(' ','NAUO PRDDFN',#30);
#3587=PRODUCT_DEFINITION_SHAPE(' ','NAUO PRDDFN',#31);
#3588=PRODUCT_DEFINITION_SHAPE(' ','NAUO PRDDFN',#32);
#3589=PRODUCT_DEFINITION_SHAPE(' ','NAUO PRDDFN',#33);
#3590=PRODUCT_DEFINITION_SHAPE(' ','NAUO PRDDFN',#34);
#3591=PRODUCT_DEFINITION_SHAPE(' ','NAUO PRDDFN',#35);
#3592=PRODUCT_DEFINITION_SHAPE(' ','NAUO PRDDFN',#36);
#3593=PRODUCT_DEFINITION_SHAPE(' ','NAUO PRDDFN',#37);
#3594=PRODUCT_DEFINITION_SHAPE(' ','NAUO PRDDFN',#38);
#3595=PRODUCT_DEFINITION_SHAPE(' ','NAUO PRDDFN',#39);
#3596=PRODUCT_DEFINITION('','',#3602,#3599);
#3597=PRODUCT_DEFINITION('','',#3603,#3600);
#3598=PRODUCT_DEFINITION('','',#3604,#3601);
#3599=PRODUCT_DEFINITION_CONTEXT('',#3618,'design');
#3600=PRODUCT_DEFINITION_CONTEXT('',#3618,'design');
#3601=PRODUCT_DEFINITION_CONTEXT('',#3618,'design');
#3602=PRODUCT_DEFINITION_FORMATION_WITH_SPECIFIED_SOURCE('','',#3608,
 .NOT_KNOWN.);
#3603=PRODUCT_DEFINITION_FORMATION_WITH_SPECIFIED_SOURCE('','',#3609,
 .NOT_KNOWN.);
#3604=PRODUCT_DEFINITION_FORMATION_WITH_SPECIFIED_SOURCE('','',#3610,
 .NOT_KNOWN.);
#3605=PRODUCT_RELATED_PRODUCT_CATEGORY('','',(#3608));
#3606=PRODUCT_RELATED_PRODUCT_CATEGORY('','',(#3609));
#3607=PRODUCT_RELATED_PRODUCT_CATEGORY('','',(#3610));
#3608=PRODUCT('6130xx21121','6130xx21121','6130xx21121',(#3614));
#3609=PRODUCT('61301021121','61301021121','61301021121',(#3615));
#3610=PRODUCT('6130xx21121_PIN','6130xx21121_PIN','6130xx21121_PIN',(#3616));
#3611=PRODUCT_CATEGORY('','');
#3612=PRODUCT_CATEGORY('','');
#3613=PRODUCT_CATEGORY('','');
#3614=PRODUCT_CONTEXT('',#3618,'mechanical');
#3615=PRODUCT_CONTEXT('',#3618,'mechanical');
#3616=PRODUCT_CONTEXT('',#3618,'mechanical');
#3617=APPLICATION_PROTOCOL_DEFINITION('international standard',
'automotive_design',2010,#3618);
#3618=APPLICATION_CONTEXT(
'core data for automotive mechanical design processes');
ENDSEC;
END-ISO-10303-21;
